book_id,goodreads_title,isbn_lookup,openlibrary_found,openlibrary_id,openlibrary_url,openlibrary_title,publish_date,page_count,publishers,primary_publisher,subjects,primary_subject,subject_count,cover_url
1,"The Hunger Games (The Hunger Games, #1)",0439023483,True,OL61249009M,http://openlibrary.org/books/OL61249009M/The_Hunger_Games,The Hunger Games,2008,,Scholastic Press,Scholastic Press,severe poverty; starvation; oppression; effects of war; self-sacrifice; Science fiction; Apocalyptic fiction; Dystopian fiction,severe poverty,91,https://covers.openlibrary.org/b/id/15167646-L.jpg
2,"Harry Potter and the Sorcerer's Stone (Harry Potter, #1)",0439554934,True,OL26018592M,http://openlibrary.org/books/OL26018592M/Harry_Potter_and_the_Sorcerers_Stone,Harry Potter and the Sorcerers Stone,2003,,Arthur A. Levine Books,Arthur A. Levine Books,series:Harry_Potter; Ghosts; Monsters; Vampires; Witches; Challenges and Overcoming Obstacles; Magic and Supernatural; Cleverness,series:Harry_Potter,108,https://covers.openlibrary.org/b/id/7572543-L.jpg
3,"Twilight (Twilight, #1)",0316015849,True,OL37073278M,http://openlibrary.org/books/OL37073278M/Twilight,Twilight,2006-09,544.0,Megan Tingley Books,Megan Tingley Books,series:Luz_e_Escuridão; series:Twilight; New York Times bestseller; nyt:series_books=2008-03-15; School & Education; Vampires; Juvenile Fiction; Fiction,series:Luz_e_Escuridão,99,https://covers.openlibrary.org/b/id/12642040-L.jpg
5,The Great Gatsby,0743273567,True,OL46773254M,http://openlibrary.org/books/OL46773254M/The_Great_Gatsby,The Great Gatsby,2021,208.0,Independently Published,Independently Published,Modern fiction; Traffic accidents; First loves; Classics; Literature; Fiction; Manuscripts; Facsimiles,Modern fiction,51,https://covers.openlibrary.org/b/id/14314120-L.jpg
6,The Fault in Our Stars,0525478817,True,OL25607762M,http://openlibrary.org/books/OL25607762M/The_Fault_in_Our_Stars,The Fault in Our Stars,"January 10, 2012",318.0,Dutton Books; Speak; Dutton Juvenile,Dutton Books,Young Adult Fiction; Cancer—Fiction; Terminally ill—Fiction; Love—Fiction; Cancer; Fiction; Terminally ill; Love,Young Adult Fiction,77,https://covers.openlibrary.org/b/id/7285167-L.jpg
7,The Hobbit,9780618260312,False,,,,,,,,,,0,
8,The Catcher in the Rye,0316769177,True,OL61355083M,http://openlibrary.org/books/OL61355083M/The_Catcher_in_the_Rye,The Catcher in the Rye,2010,,Back Bay Books,Back Bay Books,fictional works; Runaway teenagers; Fiction; Adolescence; teenage boys; Runaway teenagers in literature; Brothers and sisters; Emotionally disturbed teenage boys,fictional works,53,https://covers.openlibrary.org/b/id/15171908-L.jpg
9,"Angels & Demons  (Robert Langdon, #1)",1416524797,True,OL31891285M,http://openlibrary.org/books/OL31891285M/Angels_Demons,Angels & Demons,2006-04,713.0,Pocket Books,Pocket Books,heparin; ambigrams; antimatter; Freemasons; Swiss Guard; Murder; Investigation; Women scientists,heparin,83,https://covers.openlibrary.org/b/id/10578354-L.jpg
10,Pride and Prejudice,0679783261,True,OL7701310M,http://openlibrary.org/books/OL7701310M/Pride_and_Prejudice,Pride and Prejudice,2000,320.0,Modern Library,Modern Library,"Fiction, Romance, Historical, Regency; British and Irish fiction (fictional works by one author); Brothers and sisters; Courtship; Drama; English fiction; English literature; Families","Fiction, Romance, Historical, Regency",95,https://covers.openlibrary.org/b/id/421985-L.jpg
11,The Kite Runner,1594480001,True,OL57896082M,http://openlibrary.org/books/OL57896082M/The_Kite_Runner,The Kite Runner,2012,,Riverhead Books,Riverhead Books,New York Times bestseller; nyt:trade_fiction_paperback=2008-10-26; Male friendship; Betrayal; Fiction; Social classes; Boys; nyt:trade_fiction_paperback=2009-09-26,New York Times bestseller,74,https://covers.openlibrary.org/b/id/14846878-L.jpg
13,1984,0451524934,True,OL34854896M,http://openlibrary.org/books/OL34854896M/Nineteen_Eighty-Four,Nineteen Eighty-Four,1993?,328.0,Signet Classics,Signet Classics,futurology; censorship; surveillance; rebels; sting operations; historical negationism; memory holes; thoughtcrime,futurology,100,https://covers.openlibrary.org/b/id/12054527-L.jpg
14,Animal Farm,0452284244,True,OL7591003M,http://openlibrary.org/books/OL7591003M/Animal_Farm,Animal Farm,"May 6, 2003",128.0,Plume,Plume,"British and Irish fiction (fictional works by one author); political satire; classic; animal drama; Fiction, political; English literature: literary criticism; For National Curriculum Key Stage 4 & GCSE; Fiction, satire",British and Irish fiction (fictional works by one author),48,https://covers.openlibrary.org/b/id/297300-L.jpg
15,The Diary of a Young Girl,0553296981,True,OL22946868M,http://openlibrary.org/books/OL22946868M/The_Diary_of_a_Young_Girl,The Diary of a Young Girl,1993-07,283.0,Bantam Books,Bantam Books,autobiographies; ethnic relations; Dutch literature; Jews-Netherlands; German occupation; Library Staff Picks; Race relations; Jews,autobiographies,77,https://covers.openlibrary.org/b/id/8583953-L.jpg
16,"The Girl with the Dragon Tattoo (Millennium, #1)",0307269752,True,OL16819445M,http://openlibrary.org/books/OL16819445M/The_Girl_with_the_Dragon_Tattoo,The  Girl with the Dragon Tattoo,2008-11,465.0,Alfred A. Knopf,Alfred A. Knopf,Fiction: Literature; Novels; Misogyny; rape; Book of Leviticus; child sexual abuse; finance; secrecy,Fiction: Literature,100,https://covers.openlibrary.org/b/id/9274740-L.jpg
17,"Catching Fire (The Hunger Games, #2)",9780439023512,False,,,,,,,,,,0,
18,"Harry Potter and the Prisoner of Azkaban (Harry Potter, #3)",043965548X,True,OL27305590M,http://openlibrary.org/books/OL27305590M/Harry_Potter_and_the_Prisoner_of_Azkaban_(Book_3),Harry Potter and the Prisoner of Azkaban (Book 3),"May 01, 2004",560.0,Scholastic,Scholastic,Fantasy fiction; orphans; foster homes; fantasy; literature; juvenile fantasy fiction; Locus Award winner; Bram Stoker Award winner,Fantasy fiction,96,https://covers.openlibrary.org/b/id/8778528-L.jpg
19,"The Fellowship of the Ring (The Lord of the Rings, #1)",0618346252,True,OL26889864M,http://openlibrary.org/books/OL26889864M/The_Fellowship_of_the_Ring,The Fellowship of the Ring,2003,398.0,Houghton Mifflin Company,Houghton Mifflin Company,Elves; Dwarves; evil; fear; hope; young adult fiction; Ficción; Ficción fantástica inglesa,Elves,43,https://covers.openlibrary.org/b/id/14393948-L.jpg
20,"Mockingjay (The Hunger Games, #3)",0439023513,True,OL26332553M,http://openlibrary.org/books/OL26332553M/Mockingjay,Mockingjay,2010-09,,Scholastic Press,Scholastic Press,New York Times bestseller; Sci-fi; Young Adult; nyt:series_books=2010-08-21; Science fiction; Interpersonal relations; Television programs; Insurgency,New York Times bestseller,73,https://covers.openlibrary.org/b/id/12646459-L.jpg
21,"Harry Potter and the Order of the Phoenix (Harry Potter, #5)",0439358078,True,OL34152967M,http://openlibrary.org/books/OL34152967M/Harry_Potter_and_the_Order_of_the_Phoenix,Harry Potter and the Order of the Phoenix,2004-09,870.0,Scholastic Inc.,Scholastic Inc.,Children's Books/Ages 9-12 Fiction; Witches and warlocks; Juvenile audience; Juvenile works; Magic; Fantasy fiction; Juvenile fiction; Fiction,Children's Books/Ages 9-12 Fiction,110,https://covers.openlibrary.org/b/id/12025650-L.jpg
22,The Lovely Bones,0316166685,True,OL22236387M,http://openlibrary.org/books/OL22236387M/The_lovely_bones,The lovely bones,2006,372.0,"Little, Brown and Company","Little, Brown and Company",Murder; Psychological fiction; Teenage girls; Familias; Muchachas adolescentes; Novela psicológica; Bereavement; Dead,Murder,55,https://covers.openlibrary.org/b/id/7088011-L.jpg
23,"Harry Potter and the Chamber of Secrets (Harry Potter, #2)",0439064864,True,OL23292648M,http://openlibrary.org/books/OL23292648M/Harry_Potter_and_the_Chamber_of_Secrets,Harry Potter and the Chamber of Secrets,1999,341.0,Arthur A. Levine Books,Arthur A. Levine Books,series:Harry_Potter; Fantasy fiction; school stories; Fiction; Fantasy; Nestlé Smarties Book Prize winner; Juvenile fiction; Wizards,series:Harry_Potter,124,
24,"Harry Potter and the Goblet of Fire (Harry Potter, #4)",9780439139612,False,,,,,,,,,,0,
25,"Harry Potter and the Deathly Hallows (Harry Potter, #7)",0545010225,True,OL61068190M,http://openlibrary.org/books/OL61068190M/Harry_Potter_and_the_Deathly_Hallows,Harry Potter and the Deathly Hallows,2007,759.0,Arthur A. Levine Books,Arthur A. Levine Books,the Elder Wand; children's books; dementors; good and evil; Juvenile literature; Juvenile works; Death; Fiction,the Elder Wand,99,https://covers.openlibrary.org/b/id/15159977-L.jpg
26,"The Da Vinci Code (Robert Langdon, #2)",0307277674,True,OL37877064M,http://openlibrary.org/books/OL37877064M/The_Da_Vinci_Code,The Da Vinci Code,2006-03,454.0,Anchor Books,Anchor Books,Suspense & Thriller; Spiritual Fiction; hieros gamos; Priory of Sion; Holy Grail; Vitruvian Man; Fibonacci sequence; safe deposit boxes,Suspense & Thriller,77,https://covers.openlibrary.org/b/id/12748129-L.jpg
27,"Harry Potter and the Half-Blood Prince (Harry Potter, #6)",0439785960,True,OL24280830M,http://openlibrary.org/books/OL24280830M/Harry_Potter_and_the_Half-Blood_Prince,Harry Potter and the Half-Blood Prince,2006-09,652.0,Scholastic,Scholastic,orphans; foster homes; romans; magie; adolescence; Quill Award winner; Scottish Children’s Book Award winner; British Book of the Year Award winner,orphans,69,https://covers.openlibrary.org/b/id/15156081-L.jpg
28,Lord of the Flies,0140283331,True,OL23115928M,http://openlibrary.org/books/OL23115928M/Lord_of_the_flies,Lord of the flies,1999,192.0,Viking Penguin,Viking Penguin,fiction; relationships; adventure; morality; survival; childhood; children; boys,fiction,42,https://covers.openlibrary.org/b/id/9176044-L.jpg
29,Romeo and Juliet,0743477111,True,OL60168618M,http://openlibrary.org/books/OL60168618M/Romeo_and_Juliet,Romeo and Juliet,1595,,Simon & Schuster,Simon & Schuster,Romance,Romance,1,https://covers.openlibrary.org/b/id/15124950-L.jpg
30,Gone Girl,0297859382,True,OL29021641M,http://openlibrary.org/books/OL29021641M/Gone_Girl,Gone Girl,2012,399.0,Weidenfeld & Nicolson,Weidenfeld & Nicolson,FICTION / Mystery & Detective / General; Married people; Crimes against; Wives; Husbands; FICTION / Thrillers; FICTION / Suspense; Fiction,FICTION / Mystery & Detective / General,44,https://covers.openlibrary.org/b/id/11567795-L.jpg
31,The Help,0399155341,True,OL16990642M,http://openlibrary.org/books/OL16990642M/The_Help,The Help,2009,451.0,Amy Einhorn Books; Amy Einhorn Books/Putnam,Amy Einhorn Books,novels; Fiction; Civil rights movements; Household employees; African American women; literary fiction; historical fiction; domestic fiction,novels,54,https://covers.openlibrary.org/b/id/10544713-L.jpg
32,Of Mice and Men,0142000671,True,OL31978228M,http://openlibrary.org/books/OL31978228M/Of_Mice_and_Men,Of Mice and Men,2002,112.0,Penguin Books,Penguin Books,contemporary fiction; literary fiction; classics; Labor Trilogy; psychological fiction; Male friendship; Goal (Psychology); western stories,contemporary fiction,72,https://covers.openlibrary.org/b/id/10654711-L.jpg
33,Memoirs of a Geisha,0739326228,True,OL3416768M,http://openlibrary.org/books/OL3416768M/Memoirs_of_a_geisha,Memoirs of a geisha,2005,758.0,Random House Large Print,Random House Large Print,Social life and customs; Literature; Open Library Staff Picks; Prostitution; Fiction; Historical fiction; Geishas; Women,Social life and customs,29,https://covers.openlibrary.org/b/id/468584-L.jpg
34,"Fifty Shades of Grey (Fifty Shades, #1)",1612130291,True,OL30403400M,http://openlibrary.org/books/OL30403400M/Fifty_shades_of_Grey,Fifty shades of Grey,2015,514.0,"Vintage Books, a division of Random House LLC","Vintage Books, a division of Random House LLC","Man-woman relationships, fiction; FICTION / Contemporary Women; Sexual dominance and submission; FICTION / Romance / Contemporary; Dominance (Psychology); College students; Businessmen; Adultery","Man-woman relationships, fiction",46,
36,"The Giver (The Giver, #1)",0385732554,True,OL7441983M,http://openlibrary.org/books/OL7441983M/The_Giver,The Giver,"January 24, 2006",179.0,Delacorte Books for Young Readers,Delacorte Books for Young Readers,Social control; Control (Psychology); Juvenile fiction; Fiction; Science fiction; Memory; Ethics; Dystopias,Social control,33,https://covers.openlibrary.org/b/id/244186-L.jpg
38,The Time Traveler's Wife,0965818675,True,OL30124691M,http://openlibrary.org/books/OL30124691M/The_Time_Traveler's_Wife,The Time Traveler's Wife,"Sep 12, 2003",518.0,"Harvest / Harcourt, Inc.","Harvest / Harcourt, Inc.",mutants; love; death; amputation; sex; time; science fiction; romance,mutants,53,https://covers.openlibrary.org/b/id/10439639-L.jpg
39,"A Game of Thrones (A Song of Ice and Fire, #1)",0553588486,True,OL7830295M,http://openlibrary.org/books/OL7830295M/A_Game_of_Thrones,A Game of Thrones,"August 16, 2005",835.0,Spectra,Spectra,Adult; Action & Adventure; Fantasy; High Fantasy; Epic; Epic Fantasy; Epic Fiction; Epic Literature,Adult,67,https://covers.openlibrary.org/b/id/373448-L.jpg
40,"Eat, Pray, Love",0143038419,True,OL24959550M,http://openlibrary.org/books/OL24959550M/Eat_pray_love,"Eat, pray, love",2007,334.0,Penguin,Penguin,Viajes; Travel; Biografía espiritual; New York Times bestseller; Biografía; Description and travel; Religious aspects of Self-realization; Self-realization in women,Viajes,61,https://covers.openlibrary.org/b/id/6942045-L.jpg
41,"The Lightning Thief (Percy Jackson and the Olympians, #1)",0786838655,True,OL42476783M,http://openlibrary.org/books/OL42476783M/The_Lightning_Thief,The Lightning Thief,2006,416.0,Disney-Hyperion Books,Disney-Hyperion Books,Serie:Percy_Jackson_and_the_Olympians; Fiction; Greek Mythology; Juvenile fiction; Camps; Friendship; Fantasy fiction; Fantasy,Serie:Percy_Jackson_and_the_Olympians,37,https://covers.openlibrary.org/b/id/15090298-L.jpg
42,"Little Women (Little Women, #1)",9780451529312,True,OL3691818M,http://openlibrary.org/books/OL3691818M/Four_plays,Four plays,2004,297.0,Signet Classic,Signet Classic,Drama; Translations into English; Lysistrata (Fictitious character); Women and peace; Peace movements; Drama (dramatic works by one author); Continental european drama (dramatic works by one author),Drama,7,https://covers.openlibrary.org/b/id/295801-L.jpg
43,Jane Eyre,0142437204,True,OL3564335M,http://openlibrary.org/books/OL3564335M/Jane_Eyre,Jane Eyre,2003,532.0,Penguin Books,Penguin Books,"Fiction; Romance; Historical""; Man-woman relationships, fiction; Charity schools, fiction; Married people, fiction; Married men; fiction""",Fiction,101,https://covers.openlibrary.org/b/id/110552-L.jpg
44,"The Notebook (The Notebook, #1)",0553816713,True,OL7850857M,http://openlibrary.org/books/OL7850857M/The_Notebook,The Notebook,"July 5, 2004",272.0,Bantam Books Ltd,Bantam Books Ltd,"Man-woman relationships, fiction; Oral reading; Older people; Ancianos; Novela; Relaciones hombre-mujer; Open Library Staff Picks; American fiction","Man-woman relationships, fiction",34,https://covers.openlibrary.org/b/id/374523-L.jpg
45,Life of Pi,0770430074,True,OL8075156M,http://openlibrary.org/books/OL8075156M/LIFE_OF_PI,LIFE OF PI,2006,480.0,Seal Books,Seal Books,Teenage boys; Zoo animals; Fiction; Literature; Tigers; Translations into Korean; Tiger; award:man_booker_prize=2002,Teenage boys,70,https://covers.openlibrary.org/b/id/529809-L.jpg
46,Water for Elephants,9781565125612,True,OL16927469M,http://openlibrary.org/books/OL16927469M/Doctor_Olaf_van_Schuler's_brain,Doctor Olaf van Schuler's brain,2008,290.0,Algonquin Books of Chapel Hill,Algonquin Books of Chapel Hill,"Fiction; Physicians; Fictional Works; Fiction, short stories (single author)",Fiction,4,https://covers.openlibrary.org/b/id/7965953-L.jpg
47,The Book Thief,0375831002,True,OL3396557M,http://openlibrary.org/books/OL3396557M/The_Book_Thief,The Book Thief,2006-03,,Alfred A. Knopf,Alfred A. Knopf,"nyt:young-adult-paperback-monthly=2022-09-04; New York Times bestseller; New York Times reviewed; Books and reading; Fiction; Jews; History; World War, 1939-1945",nyt:young-adult-paperback-monthly=2022-09-04,63,https://covers.openlibrary.org/b/id/8310846-L.jpg
48,Fahrenheit 451,0307347974,True,OL22900590M,http://openlibrary.org/books/OL22900590M/Fahrenheit_451,Fahrenheit 451,1993,183.0,Plaza & Janés,Plaza & Janés,Mechanical Hound; girl next door; Long Now Manual for Civilization; Terrorismo estatal; Censura; Novela; Totalitarismo; science fiction,Mechanical Hound,50,
49,"New Moon (Twilight, #2)",0316160199,True,OL37074932M,http://openlibrary.org/books/OL37074932M/New_Moon,New Moon,2006-09,,Megan Tingley Books,Megan Tingley Books,series: Twilight; series:Luz_e_Escuridão; Vampires; Juvenile fiction; Werewolves; High schools; Schools; Vampiros,series: Twilight,72,https://covers.openlibrary.org/b/id/12643332-L.jpg
51,"City of Bones (The Mortal Instruments, #1)",1416914285,True,OL8458200M,http://openlibrary.org/books/OL8458200M/City_of_Bones,City of Bones,"March 27, 2007",485.0,Margaret K. McElderry,Margaret K. McElderry,Demonology; Fiction; Horror stories; Supernatural; Juvenile fiction; Horror tales; YOUNG ADULT FICTION; Action & Adventure,Demonology,55,https://covers.openlibrary.org/b/id/14812842-L.jpg
52,"Eclipse (Twilight, #3)",0316160202,True,OL61346164M,http://openlibrary.org/books/OL61346164M/Eclipse,Eclipse,2007,,"Little, Brown and Company","Little, Brown and Company",New York Times bestseller; Werewolves; Interpersonal relations; Vampires; High schools; Schools; Fiction; nyt:series_books=2008-03-15,New York Times bestseller,54,https://covers.openlibrary.org/b/id/15174663-L.jpg
53,"Eragon (The Inheritance Cycle, #1)",9780375826712,False,,,,,,,,,,0,
54,"The Hitchhiker's Guide to the Galaxy (Hitchhiker's Guide to the Galaxy, #1)",9780345391812,False,,,,,,,,,,0,
56,"Breaking Dawn (Twilight, #4)",031606792X,True,OL37075048M,http://openlibrary.org/books/OL37075048M/Breaking_Dawn,Breaking Dawn,2008-08,,Megan Tingley Books,Megan Tingley Books,series:Twilight; series:Luz_e_Escuridão School stories; Edward Cullen (Fictitious character); Vampires; Bella Swan (Fictitious character); Juvenile fiction; nyt:series_books=2008-03-15; Fiction,series:Twilight,67,https://covers.openlibrary.org/b/id/12643375-L.jpg
57,The Secret Life of Bees,0142001740,True,OL14444750M,http://openlibrary.org/books/OL14444750M/The_secret_life_of_bees,The  secret life of bees,2003,302.0,Penguin; Penguin Books,Penguin,Teenage girls; Fiction; South Carolina in fiction; African American women; Beekeepers; Race relations; Literature; Maternal deprivation,Teenage girls,43,https://covers.openlibrary.org/b/id/15166757-L.jpg
58,The Adventures of Huckleberry Finn,0142437174,True,OL3565416M,http://openlibrary.org/books/OL3565416M/The_Adventures_of_Huckleberry_Finn,The Adventures of Huckleberry Finn,2003,327.0,Penguin Books,Penguin Books,adventure and adventurers; Adventure stories; American fiction (fictional works by one author); American literature; Boys; Child and youth fiction; Children's fiction; child witnesses,adventure and adventurers,164,https://covers.openlibrary.org/b/id/15173525-L.jpg
60,The Curious Incident of the Dog in the Night-Time,1400032717,True,OL45039295M,http://openlibrary.org/books/OL45039295M/The_Curious_Incident_of_the_Dog_in_the_Night-Time,The Curious Incident of the Dog in the Night-Time,2003,226.0,Vintage; Vintage Contemporaries,Vintage,"England, fiction; Fiction, mystery & detective, general; Young adult fiction; Literature; Autism; Fiction; Patients; Asperger's syndrome","England, fiction",81,https://covers.openlibrary.org/b/id/14614846-L.jpg
61,The Girl on the Train,1594633665,True,OL25687007M,http://openlibrary.org/books/OL25687007M/The_Girl_On_the_Train,The Girl On the Train,2015,323.0,"Penguin Books; Riverhead Books; Riverhead Books, a member of Penguin Group (USA)",Penguin Books,Witnesses; Murder victims; Alcoholics; Commuters; Fiction; Railroad travel; Strangers; nyt:mass-market-paperback=2016-09-11,Witnesses,24,https://covers.openlibrary.org/b/id/10654893-L.jpg
62,"The Golden Compass (His Dark Materials, #1)",0679879242,True,OL37033215M,http://openlibrary.org/books/OL37033215M/The_Golden_Compass,The Golden Compass,1998-07,399.0,Alfred A. Knopf,Alfred A. Knopf,Political theology; Polar bears; Kidnapping; Adventure stories; Children and adults; Open Library Staff Picks; Juvenile fiction; Fantasy,Political theology,107,https://covers.openlibrary.org/b/id/12612402-L.jpg
63,Wuthering Heights,9780393978912,False,,,,,,,,,,0,
64,My Sister's Keeper,0743454537,True,OL61350786M,http://openlibrary.org/books/OL61350786M/My_Sister's_Keeper,My Sister's Keeper,2005,,Washington Square Press,Washington Square Press,Jodi Picoult; Movie Tie-in; Adult; American Domestic; Fiction; Literature; Family; Sisters,Jodi Picoult,85,https://covers.openlibrary.org/b/id/15171603-L.jpg
65,Slaughterhouse-Five,0385333846,True,OL39221066M,http://openlibrary.org/books/OL39221066M/Slaughterhouse-Five,Slaughterhouse-Five,1999-01,288.0,Delta Trade Paperbacks,Delta Trade Paperbacks,"American science fiction; bombing of Dresden; Open Library staff picks; military fiction; war stories; World War II; World War, 1939-1945; literature and the war",American science fiction,42,https://covers.openlibrary.org/b/id/14951202-L.jpg
66,Gone with the Wind,0446675539,True,OL31851784M,http://openlibrary.org/books/OL31851784M/Gone_With_the_Wind,Gone With the Wind,"April 1, 1999",,Warner Books,Warner Books,survival; slavery; Bildungsroman; open_syllabus_project; history; historical fiction; war stories; United States Civil War,survival,59,https://covers.openlibrary.org/b/id/10541728-L.jpg
67,A Thousand Splendid Suns,9781594489512,False,,,,,,,,,,0,
68,The Perks of Being a Wallflower,0671027344,True,OL47768766M,http://openlibrary.org/books/OL47768766M/The_Perks_of_Being_a_Wallflower,The Perks of Being a Wallflower,2002,213.0,MTV Books/Pocket Books,MTV Books/Pocket Books,Young adult fiction; Bildungsroman; Epistolary fiction; Bildungsromans; Diary novels; Fiction; Juvenile works; Young adult works,Young adult fiction,67,https://covers.openlibrary.org/b/id/14315052-L.jpg
70,"Ender's Game (Ender's Saga, #1)",9780812550712,False,,,,,,,,,,0,
71,Frankenstein,0141439475,True,OL3701481M,http://openlibrary.org/books/OL3701481M/Frankenstein,Frankenstein,2003,273.0,Penguin Books,Penguin Books,"Frankenstein (Fictitious character); Frankenstein's monster (Fictitious character); Fiction; Victor Frankenstein (Fictitious character); Scientists; Monsters; Fiction, horror; Frankenstein (fictitious character), fiction",Frankenstein (Fictitious character),157,https://covers.openlibrary.org/b/id/109033-L.jpg
72,The Shining (The Shining #1),0450040186,True,OL7569283M,http://openlibrary.org/books/OL7569283M/The_Shining,The Shining,"July 1, 1982",512.0,New English Library Ltd,New English Library Ltd,Fiction; horror fiction; demonology; precognition; authors; hotelkeepers; gothic & horror; paranormal fiction suspense & thriller,Fiction,46,https://covers.openlibrary.org/b/id/291331-L.jpg
73,"The Host (The Host, #1)",0316068047,True,OL24653961M,http://openlibrary.org/books/OL24653961M/The_Host,The Host,2008,619.0,"Little Brown and Company; Little, Brown and Co.",Little Brown and Company,"Betrayal; Fiction; nyt:mass_market_paperback=2011-08-13; Triangles (Interpersonal relations); New York Times bestseller; Biological invasions; Spirit possession; Fiction, romance, paranormal",Betrayal,9,https://covers.openlibrary.org/b/id/13248202-L.jpg
74,Looking for Alaska,0142402516,True,OL25757808M,http://openlibrary.org/books/OL25757808M/looking_for_alaska,looking for alaska,2012,221.0,Speak / Penguin Group (USA) Inc.,Speak / Penguin Group (USA) Inc.,Fiction; Boarding schools; Death; Grief; Interpersonal relations; Traffic accidents; Young adult fiction; Schools,Fiction,48,https://covers.openlibrary.org/b/id/14641515-L.jpg
75,"Bridget Jones's Diary (Bridget Jones, #1)",9780140280112,False,,,,,,,,,,0,
76,Sense and Sensibility,0141439661,True,OL47079577M,http://openlibrary.org/books/OL47079577M/Sense_and_Sensibility,Sense and Sensibility,2014,368.0,Penguin Books,Penguin Books,"Fiction, Romance, Historical, Regency; Inheritance and succession, fiction; Mate selection, fiction; Social classes, fiction; Family life, fiction; Text-books for foreigners; Young women,  fiction; Literature","Fiction, Romance, Historical, Regency",89,https://covers.openlibrary.org/b/id/13440853-L.jpg
77,"Holes (Holes, #1)",0439244196,True,OL60102675M,http://openlibrary.org/books/OL60102675M/Holes,Holes,2011,272.0,Yearling,Yearling,Newbery Medal; Fluch; Amistad; Fiction; Homeless persons; Junge; Juvenile corrections; Familie,Newbery Medal,67,https://covers.openlibrary.org/b/id/15122371-L.jpg
78,"The Devil Wears Prada (The Devil Wears Prada, #1)",0307275558,True,OL24205099M,http://openlibrary.org/books/OL24205099M/The_Devil_wears_Prada,The Devil wears Prada,2006,432.0,Anchor Books; Anchor,Anchor Books,"Fashion editors; Women editors; Periodicals; Fiction; Supervisors; Publishing; New york (n.y.), fiction; Fiction, humorous, general",Fashion editors,11,https://covers.openlibrary.org/b/id/6490210-L.jpg
79,The Odyssey,0143039954,True,OL7361807M,http://openlibrary.org/books/OL7361807M/The_Odyssey_(Penguin_Classics),The Odyssey (Penguin Classics),"October 31, 2006",560.0,Penguin Classics; Penguin Books,Penguin Classics,"great_books_of_the_western_world; Poetry; Fiction; Classical literature; Open Library Staff Picks; Juvenile literature; Horses; Mythology, Greek, in literature",great_books_of_the_western_world,113,https://covers.openlibrary.org/b/id/14359124-L.jpg
80,The Little Prince,9780156012212,False,,,,,,,,,,0,
81,The Glass Castle,074324754X,True,OL7928299M,http://openlibrary.org/books/OL7928299M/The_Glass_Castle,The Glass Castle,2006,288.0,Scribner,Scribner,Poor; Problem families; Dysfunctional families; Homeless persons; Case studies; New York Times bestseller; Family relationships; nyt:paperback_nonfiction=2007-03-03,Poor,88,https://covers.openlibrary.org/b/id/12648199-L.jpg
82,Into the Wild,9780385486812,False,,,,,,,,,,0,
83,A Tale of Two Cities,9780141439612,False,,,,,,,,,,0,
84,"Jurassic Park (Jurassic Park, #1)",030734813X,True,OL9666705M,http://openlibrary.org/books/OL9666705M/Jurassic_Park,Jurassic Park,2006,467.0,Debolsillo,Debolsillo,dichogamy; corporate espionage; science fiction; cautionary tale; genetic engineering; amusement parks; dinosaurs; chaos theory,dichogamy,50,https://covers.openlibrary.org/b/id/12882869-L.jpg
86,A Time to Kill,0385338600,True,OL26644277M,http://openlibrary.org/books/OL26644277M/A_Time_to_Kill,A Time to Kill,2004 04,515.0,Delta Trade Paperbacks,Delta Trade Paperbacks,african american girls; attorney and client; capital murder; capital punishment; child sexual abuse; crime fiction; crimes against african american girls; detective and mystery fiction,african american girls,54,https://covers.openlibrary.org/b/id/8445713-L.jpg
87,Night (The Night Trilogy #1),0374500010,True,OL17193251M,http://openlibrary.org/books/OL17193251M/Night,Night,2006,120.0,"Hill and Wang, a division of Farrar, Straus and Giroux","Hill and Wang, a division of Farrar, Straus and Giroux",Holocaust literature; death marches; Talmud; Siege of Jerusalem; Cabala; Hasidism; yellow badges; Kaddish,Holocaust literature,79,https://covers.openlibrary.org/b/id/9153946-L.jpg
88,Paper Towns,014241493X,True,OL25261961M,http://openlibrary.org/books/OL25261961M/Paper_Towns,Paper Towns,2009,305.0,Penguin,Penguin,Fiction; Coming of age; Missing persons; Mystery and detective stories; Juvenile fiction; High school students; Revenge; nyt:chapter-books=2008-11-02,Fiction,53,https://covers.openlibrary.org/b/id/7089678-L.jpg
89,The Princess Bride ,0345418263,True,OL3704385M,http://openlibrary.org/books/OL3704385M/The_princess_bride,The princess bride,2003,429.0,Ballantine Books,Ballantine Books,"Castles; Fiction; Princesses; Good and evil; Princes; Fiction, action & adventure; Fiction, fantasy, general; Fiction, romance, fantasy",Castles,13,https://covers.openlibrary.org/b/id/11173424-L.jpg
90,The Outsiders,014038572X,True,OL17063415M,http://openlibrary.org/books/OL17063415M/The_Outsiders,The Outsiders,1997,180.0,Puffin Books; Speak,Puffin Books,juvenile works; violence; fiction classics; Fiction; Gangs; Family life; Family; Juvenile fiction,juvenile works,51,https://covers.openlibrary.org/b/id/8351719-L.jpg
91,"The Maze Runner (Maze Runner, #1)",0385737947,True,OL25646307M,http://openlibrary.org/books/OL25646307M/The_Maze_Runner,The Maze Runner,2009,378.0,Delacorte Press,Delacorte Press,"Fiction; Science fiction; Amnesia; Cooperativeness; Labyrinths; Juvenile Fiction; Children's fiction; Amnesia, fiction",Fiction,30,https://covers.openlibrary.org/b/id/7911799-L.jpg
93,The Secret Garden,9780517189612,False,,,,,,,,,,0,
95,The Picture of Dorian Gray,0375751513,True,OL3382849M,http://openlibrary.org/books/OL3382849M/The_picture_of_Dorian_Gray,The picture of Dorian Gray,2004,266.0,Modern Library,Modern Library,"British and irish fiction (fictional works by one author); Conduct of life, fiction; Fantasy fiction; Appearance (Philosophy); Fiction; Conduct of life; Youthfulness; Portraits",British and irish fiction (fictional works by one author),66,https://covers.openlibrary.org/b/id/229899-L.jpg
96,"Fifty Shades Freed (Fifty Shades, #3)",9780345803512,False,,,,,,,,,,0,
97,Dracula,0393970124,True,OL23274384M,http://openlibrary.org/books/OL23274384M/Dracula,Dracula,1997,492.0,W.W. Norton & Co.,W.W. Norton & Co.,"Fiction, horror; Vampires, fiction; Dracula, count (fictitious character), fiction; British and irish fiction (fictional works by one author); Romania, fiction; Film and video adaptations; English Horror tales; History and criticism","Fiction, horror",12,https://covers.openlibrary.org/b/id/11993677-L.jpg
98,"The Girl Who Played with Fire (Millennium, #2)",0307269981,True,OL24129897M,http://openlibrary.org/books/OL24129897M/The_Girl_Who_Played_with_Fire,The Girl Who Played with Fire,2009,503.0,Alfred A. Knopf,Alfred A. Knopf,crime fiction; Investigation; Hackers; Human trafficking; crime; mystery and suspense stories; detectives; gritty,crime fiction,37,https://covers.openlibrary.org/b/id/8490712-L.jpg
99,"Fifty Shades Darker (Fifty Shades, #2)",1612130585,True,OL30697486M,http://openlibrary.org/books/OL30697486M/Fifty_Shades_Darker,Fifty Shades Darker,2011,394.0,The Writer's Coffee Shop,The Writer's Coffee Shop,"Sexual dominance and submission, fiction; Man-woman relationships, fiction; Relaciones hombre-mujer; Ficción; Sadomasoquismo; Cuentos eróticos; Contemporary Women; Businesspeople","Sexual dominance and submission, fiction",30,https://covers.openlibrary.org/b/id/14566702-L.jpg
100,The Poisonwood Bible,9780060786512,False,,,,,,,,,,0,
101,Me Talk Pretty One Day,0349113912,True,OL16257203M,http://openlibrary.org/books/OL16257203M/Me_talk_pretty_one_day,Me talk pretty one day,2002,272.0,Abacus,Abacus,David Sedaris; teens; teenagers; YA; young adult; juvenile; Nonfiction; Biography,David Sedaris,26,https://covers.openlibrary.org/b/id/14752516-L.jpg
103,The Count of Monte Cristo,0140449264,True,OL3703020M,http://openlibrary.org/books/OL3703020M/The_Count_of_Monte_Cristo,The Count of Monte Cristo,2003,1276.0,Penguin Books,Penguin Books,France -- History -- 19th century -- Fiction; France; Fiction; France in fiction; History; Adventure and adventurers in fiction; Readers; French language,France -- History -- 19th century -- Fiction,67,https://covers.openlibrary.org/b/id/14564134-L.jpg
104,The Road,0307265439,True,OL15610563M,http://openlibrary.org/books/OL15610563M/The_Road,The Road,2006,241.0,Alfred A. Knopf; Knopf,Alfred A. Knopf,Fiction; Dystopia; Adventure; post-apocalyptic fiction; extinction event; Open Library Staff Picks; Fathers and sons; Survival skills,Fiction,46,https://covers.openlibrary.org/b/id/8373710-L.jpg
107,A Walk to Remember,0446693804,True,OL23243570M,http://openlibrary.org/books/OL23243570M/A_walk_to_remember,A walk to remember,1999,240.0,Warner Books,Warner Books,"Fiction; Teenage boys; Children of clergy; First loves; Bildungsroman; Love stories; Fiction, romance, contemporary; North carolina, fiction",Fiction,11,
108,"Confessions of a Shopaholic (Shopaholic, #1)",0440241413,True,OL24092419M,http://openlibrary.org/books/OL24092419M/Confessions_of_a_Shopaholic,Confessions of a Shopaholic,2003,368.0,Dell,Dell,"Fiction; Young women; Debt; Shopping; Becky Bloomwood (Fictitious character); nyt:trade-fiction-paperback=2009-01-18; New York Times bestseller; Fiction, humorous, general",Fiction,20,https://covers.openlibrary.org/b/id/6305261-L.jpg
109,Les Misérables,0451525264,True,OL25677505M,http://openlibrary.org/books/OL25677505M/Les_Misérables,Les Misérables,"March 3, 1987",1463.0,Penguin,Penguin,"Poverty; Fiction; Readers; Fiction, historical; France, fiction; Ex-convicts; History; Historical fiction",Poverty,86,https://covers.openlibrary.org/b/id/15154118-L.jpg
110,"A Clash of Kings  (A Song of Ice and Fire, #2)",9780553381712,False,,,,,,,,,,0,
111,The Memory Keeper's Daughter,0143037145,True,OL32658993M,http://openlibrary.org/books/OL32658993M/The_Memory_Keeper's_Daughter,The Memory Keeper's Daughter,2006,,Penguin Books,Penguin Books,women; women's fiction; literary fiction; Fathers and daughters; Twins; Brothers and sisters; Abandoned children; Down syndrome,women,39,https://covers.openlibrary.org/b/id/11286952-L.jpg
112,"Me Before You (Me Before You, #1)",0670026603,True,OL25934767M,http://openlibrary.org/books/OL25934767M/Me_Before_You,Me Before You,2012,,Pamela Dorman Books/Viking,Pamela Dorman Books/Viking,"Young women; FICTION / Contemporary Women; FICTION / Romance / Contemporary; Fiction; Paraplegics; Fiction, women; Fiction, romance, contemporary; Young women, fiction",Young women,47,https://covers.openlibrary.org/b/id/14621696-L.jpg
113,Catch-22,0684833395,True,OL23245221M,http://openlibrary.org/books/OL23245221M/Catch-22,Catch-22,1996,568.0,Knopf,Knopf,"Open Library Staff Picks; Satire; War stories; Fiction; Drama; World War, 1939-1945; Catch-22 (Heller, Joseph); World War (1939-1945) fast (OCoLC)fst01180924",Open Library Staff Picks,35,https://covers.openlibrary.org/b/id/7877422-L.jpg
114,Tuesdays with Morrie,0751529818,True,OL7980510M,http://openlibrary.org/books/OL7980510M/Tuesdays_with_Morrie,Tuesdays with Morrie,2013,210.0,Sphere,Sphere,memoir; ALS; sociology; Nightline; Death; Brandeis University; Amyotrophic lateral sclerosis; Faculty,memoir,90,https://covers.openlibrary.org/b/id/12560506-L.jpg
115,Middlesex,0312422156,True,OL18261476M,http://openlibrary.org/books/OL18261476M/Middlesex,Middlesex,2002,529.0,Picador,Picador,Intersexuality; Greek Americans; Teenagers; open_syllabus_project; Fiction; Hermaphroditism; Gender identity; City and town life,Intersexuality,40,https://covers.openlibrary.org/b/id/12367182-L.jpg
116,The Adventures of Tom Sawyer,0143039563,True,OL32354763M,http://openlibrary.org/books/OL32354763M/The_Adventures_of_Tom_Sawyer,The Adventures of Tom Sawyer,2005,231.0,Mediasat Group,Mediasat Group,The Adventures of Tom Sawyer; Mark Twain; 1835-1910; 19th Century; Historical; Fiction; Classic; American,The Adventures of Tom Sawyer,131,https://covers.openlibrary.org/b/id/10989924-L.jpg
117,"A Wrinkle in Time (A Wrinkle in Time Quintet, #1)",0440498058,True,OL26318808M,http://openlibrary.org/books/OL26318808M/A_Wrinkle_in_Time,A Wrinkle in Time,1962,,Bantam,Bantam,Love; sci-fi; Newbery Medal; Open Library Staff Picks; Juvenile fiction; Space and time; Fiction; Science fiction,Love,51,https://covers.openlibrary.org/b/id/15166378-L.jpg
118,The Joy Luck Club,0143038095,True,OL26690126M,http://openlibrary.org/books/OL26690126M/The_Joy_Luck_Club,The Joy Luck Club,2006,288.0,Penguin Books,Penguin Books,Chinese American; Chinese American women; Chinese American women in fiction; Chinese Americans; Chinese Americans in fiction; Death; Female friendship; Female friendship in fiction,Chinese American,52,https://covers.openlibrary.org/b/id/14599648-L.jpg
119,The Handmaid's Tale,038549081X,True,OL51647052M,http://openlibrary.org/books/OL51647052M/The_Handmaid's_Tale,The Handmaid's Tale,2003?,311.0,Anchor Books,Anchor Books,brothels; Canadian authors; Canadian fantasy fiction; Canadian fiction (fictional works by one author); Christian fundamentalism; Dystopian fiction; Dystopias; fantasy fiction,brothels,59,https://covers.openlibrary.org/b/id/15162571-L.jpg
120,"The Sisterhood of the Traveling Pants (Sisterhood, #1)",0385729332,True,OL3584221M,http://openlibrary.org/books/OL3584221M/The_sisterhood_of_the_traveling_pants,The sisterhood of the traveling pants,2001,294.0,Delacorte Press; Delacorte Books for Young Readers,Delacorte Press,Best friends; Conduct of life; Fiction; Friendship; Jeans (Clothing); Juvenile fiction; Pants; Summer,Best friends,15,https://covers.openlibrary.org/b/id/243948-L.jpg
123,"The Firm (Penguin Readers, Level 5)",0582418275,True,OL18394938M,http://openlibrary.org/books/OL18394938M/The_firm,The firm,1999,75.0,Pearson Education Ltd.,Pearson Education Ltd.,"Fiction; Organized crime; Government investigators; Readers for new literates; Fiction, legal; Fiction, thrillers, general; Fiction, thrillers",Fiction,7,
124,Room,0316098337,True,OL24549062M,http://openlibrary.org/books/OL24549062M/Room_A_Novel,Room: A Novel,2010,,"Hachette Digital, Inc.","Hachette Digital, Inc.",,,0,
125,Hamlet,0521618746,True,OL7748879M,http://openlibrary.org/books/OL7748879M/Hamlet,Hamlet,"December 19, 2005",286.0,Cambridge University Press,Cambridge University Press,"performing arts; Stage history; Reyes, reinas, soberanos; Venganza; History and criticism; Criticism and interpretation; LITERARY CRITICISM; Succession",performing arts,141,https://covers.openlibrary.org/b/id/349855-L.jpg
126,Dune (Dune Chronicles #1),0340839937,True,OL10677120M,http://openlibrary.org/books/OL10677120M/Dune,Dune,"June 5, 2006",608.0,Hodder & Stoughton,Hodder & Stoughton,"Dune (Imaginary place); Fiction; Fiction, science fiction, general; Dune (imaginary place), fiction; New York Times reviewed; Science fiction; Science-fiction; American literature",Dune (Imaginary place),19,https://covers.openlibrary.org/b/id/2402172-L.jpg
127,The Tipping Point: How Little Things Can Make a Big Difference,0316346624,True,OL21594367M,http://openlibrary.org/books/OL21594367M/The_tipping_point,The tipping point,2000,301.0,"Little, Brown","Little, Brown",Contagion (Social psychology); Business; Causation; nyt:paperback_business_books=2012-02-25; Nonfiction; Social psychology; Context effects (Psychology); New York Times bestseller,Contagion (Social psychology),32,https://covers.openlibrary.org/b/id/14628318-L.jpg
128,Steve Jobs,1451648537,True,OL26211635M,http://openlibrary.org/books/OL26211635M/Steve_Jobs,Steve Jobs,2011,630.0,Simon & Schuster,Simon & Schuster,TECHNOLOGY & ENGINEERING / General; History; Inc Apple Computer; BIOGRAPHY & AUTOBIOGRAPHY / Business; Computer engineers; Businesspeople; Biography; BUSINESS & ECONOMICS / General,TECHNOLOGY & ENGINEERING / General,61,https://covers.openlibrary.org/b/id/15091624-L.jpg
129,One Flew Over the Cuckoo's Nest,0451163966,True,OL20947360M,http://openlibrary.org/books/OL20947360M/One_Flew_Over_the_Cuckoo's_Nest,One Flew Over the Cuckoo's Nest,September 2019,272.0,Signet,Signet,Allegories; psychiatric nursing; medical novels; Belletristische Darstellung; Psychiatrische Klinik; Fiction; Psychiatric nurses in fiction; Psychiatric hospital patients in fiction,Allegories,37,https://covers.openlibrary.org/b/id/10543000-L.jpg
130,The Old Man and the Sea,0684830493,True,OL974459M,http://openlibrary.org/books/OL974459M/The_Old_Man_and_The_Sea,The Old Man and The Sea,1996,93.0,Scribner,Scribner,American Sea stories; Male friendship; Fishers; Fiction; Ameriška književnost; American fiction; Ancianos; Open Library Staff Picks,American Sea stories,61,https://covers.openlibrary.org/b/id/426182-L.jpg
131,The Grapes of Wrath,0142000663,True,OL24083096M,http://openlibrary.org/books/OL24083096M/The_Grapes_of_Wrath,The Grapes of Wrath,2002,,,,Labor camps; Depressions; Labor camps in literature; Classic Literature; Open Library Staff Picks; Pulitzer Prize Winner; Fiction; Migrant agricultural laborers in literature,Labor camps,58,https://covers.openlibrary.org/b/id/10586695-L.jpg
132,The Five People You Meet in Heaven,1401308589,True,OL36671603M,http://openlibrary.org/books/OL36671603M/The_Five_People_You_Meet_in_Heaven,The Five People You Meet in Heaven,2003,196.0,Hyperion,Hyperion,Rainforests; prisoners of war; labor camps; land mines; argyria; silver nitrate; sideshows; diners,Rainforests,54,https://covers.openlibrary.org/b/id/12560440-L.jpg
133,"Anne of Green Gables (Anne of Green Gables, #1)",0451528824,True,OL3682766M,http://openlibrary.org/books/OL3682766M/Anne_of_Green_Gables,Anne of Green Gables,2003,320.0,Signet Classic,Signet Classic,Fiction; Juvenile fiction; Country life; Friendship; Orphans; Friendship in fiction; Prince Edward Island in fiction; Orphans in fiction,Fiction,66,https://covers.openlibrary.org/b/id/295763-L.jpg
135,"A Storm of Swords (A Song of Ice and Fire, #3)",055357342X,True,OL24220659M,http://openlibrary.org/books/OL24220659M/A_Storm_of_Swords,A Storm of Swords,2005,1177.0,Bantam Books,Bantam Books,New York Times bestseller; nyt:mass_market_paperback=2011-06-04; Seven Kingdoms (Imaginary place); Fiction; Fantasy fiction; Imaginary wars and battles; Reading Level-Grade 7; Reading Level-Grade 9,New York Times bestseller,36,https://covers.openlibrary.org/b/id/8742075-L.jpg
136,Divine Secrets of the Ya-Ya Sisterhood,006075995X,True,OL7281243M,http://openlibrary.org/books/OL7281243M/Divine_Secrets_of_the_Ya-Ya_Sisterhood,Divine Secrets of the Ya-Ya Sisterhood,"December 7, 2004",383.0,Harper Paperbacks,Harper Paperbacks,Fiction; Literature; Conflict of generations; Family; Female friendship; Mothers and daughters; Women; Friendship,Fiction,21,https://covers.openlibrary.org/b/id/34979-L.jpg
137,"Outlander (Outlander, #1)",0440242940,True,OL7520304M,http://openlibrary.org/books/OL7520304M/Outlander,Outlander,"July 26, 2005",896.0,Dell,Dell,"Man-woman relationships, fiction; Historical fiction; Culloden, Battle of, Scotland, 1746; Jacobite Rebellion, 1745-1746 in fiction; History; Scotland in fiction; Fiction; Jacobite Rebellion, 1745-1746","Man-woman relationships, fiction",33,https://covers.openlibrary.org/b/id/281790-L.jpg
138,The Scarlet Letter,0142437263,True,OL17920846M,http://openlibrary.org/books/OL17920846M/The_Scarlet_Letter,The Scarlet Letter,2003,238.0,Penguin Books,Penguin Books,Fiction; Puritans; Puritans in fiction; History; Adultery in fiction; Adultery; Illegitimate children; Illegitimate children in fiction,Fiction,142,https://covers.openlibrary.org/b/id/10228509-L.jpg
139,"Miss Peregrine’s Home for Peculiar Children (Miss Peregrine’s Peculiar Children, #1)",1594744769,True,OL25032352M,http://openlibrary.org/books/OL25032352M/Miss_Peregrine's_Home_for_Peculiar_Children,Miss Peregrine's Home for Peculiar Children,7 June 2011,352.0,Quirk Books,Quirk Books,Orphanages; Graphic novels; Supernatural; Grandfathers; Teenage boys; Islands; Juvenile fiction; Mystery and detective stories,Orphanages,34,https://covers.openlibrary.org/b/id/6984039-L.jpg
140,"The Girl Who Kicked the Hornet's Nest (Millennium, #3)",030726999X,True,OL24080825M,http://openlibrary.org/books/OL24080825M/The_Girl_Who_Kicked_the_Hornet's_Nest,The Girl Who Kicked the Hornet's Nest,2010,566.0,Alfred A. Knopf,Alfred A. Knopf,Political corruption; nyt:hardcover_fiction=2010-05-23; Revenge; Fiction; New York Times bestseller; Computer hackers; Journalists; Lisbeth Salander (Fictitious character),Political corruption,39,https://covers.openlibrary.org/b/id/6389452-L.jpg
141,The Martian,0804139024,True,OL32815550M,http://openlibrary.org/books/OL32815550M/The_Martian,The Martian,2014,369.0,Crown Publishers,Crown Publishers,Science-Fiction; Science Fiction & Fantasy; Suspense & Thriller; Science fiction; Amerikanisches Englisch; Astronauts; Survival; Fiction,Science-Fiction,29,https://covers.openlibrary.org/b/id/14641755-L.jpg
142,"The Pillars of the Earth (The Kingsbridge Series, #1)",0451207149,True,OL7574418M,http://openlibrary.org/books/OL7574418M/The_Pillars_of_the_Earth,The Pillars of the Earth,2007?,976.0,New American Library,New American Library,White Ship; The Anarchy; Battle of Lincoln; Anglo-Saxon law; Suspense & Thriller; epic fiction; suspense fiction; church and state,White Ship,40,https://covers.openlibrary.org/b/id/8598254-L.jpg
143,All the Light We Cannot See,1476746583,True,OL46538333M,http://openlibrary.org/books/OL46538333M/All_the_Light_We_Cannot_See,All the Light We Cannot See,2014-05,,Scribner,Scribner,"Blind; FICTION / General; Fiction; Youth; World War, 1939-1945; FICTION / Literary; FICTION / Historical; History",Blind,55,https://covers.openlibrary.org/b/id/14847382-L.jpg
144,"Unbroken: A World War II Story of Survival, Resilience, and Redemption",1400064163,True,OL26650320M,http://openlibrary.org/books/OL26650320M/Unbroken,Unbroken,2010,,Random House,Random House,"New York Times bestseller; nyt:hardcover_political_books=2012-02-25; Prisoners of war; Campaigns; American Aerial operations; World War, 1939-1945; Long-distance runners; United States",New York Times bestseller,64,https://covers.openlibrary.org/b/id/15055477-L.jpg
145,Deception Point,0671027387,True,OL50365295M,http://openlibrary.org/books/OL50365295M/Deception_Point,Deception Point,2002-12,559.0,Pocket Books,Pocket Books,mystery fiction; adventure fiction; literature; Meteors; Conspiracies; Presidents; Scientists; Fiction,mystery fiction,51,https://covers.openlibrary.org/b/id/14553479-L.jpg
146,The Goldfinch,0316055433,True,OL25434599M,http://openlibrary.org/books/OL25434599M/The_Goldfinch,The Goldfinch,2013,771.0,"Little, Brown and Company","Little, Brown and Company","goldfinch; Fiction; Self-realization; Loss (Psychology); Artists; Young men; Fiction, coming of age; New york (n.y.), fiction",goldfinch,43,https://covers.openlibrary.org/b/id/7267111-L.jpg
147,Thirteen Reasons Why,1595141715,True,OL37089810M,http://openlibrary.org/books/OL37089810M/Th1rteen_r3asons_why,Th1rteen r3asons why,2008,288.0,Razorbill,Razorbill,Mystery; nyt:paperback_books=2011-06-11; Suicide; Young adult fiction; Schools in fiction; Fiction; Interpersonal relations in fiction; Interpersonal relations,Mystery,52,https://covers.openlibrary.org/b/id/12648223-L.jpg
148,Girl with a Pearl Earring,0452287022,True,OL23243854M,http://openlibrary.org/books/OL23243854M/Girl_with_a_pearl_earring,Girl with a pearl earring,2000,233.0,Dutton,Dutton,"Artists' models; Artists' models in fiction; Social life and customs; Open Library Staff Picks; Fiction; Vermeer, Johannes, in fiction; Women household employees in fiction; Women domestics in fiction",Artists' models,43,https://covers.openlibrary.org/b/id/8231875-L.jpg
149,"If I Stay (If I Stay, #1)",0525421033,True,OL21559347M,http://openlibrary.org/books/OL21559347M/If_I_Stay,If I Stay,2009,201.0,Dutton Children's Books; Penguin Young Readers Group; Dutton Books,Dutton Children's Books,Death; nyt:paperback_books=2011-04-09; Literature; Juvenile Fiction; Family life; Fiction; Violoncellists; Coma,Death,39,https://covers.openlibrary.org/b/id/8132937-L.jpg
150,The Red Tent,0312353766,True,OL3437294M,http://openlibrary.org/books/OL3437294M/The_red_tent_Anita_Diamant.,The red tent / Anita Diamant.,2005,321.0,St. Martin's Press,St. Martin's Press,"Bible; Fiction; History of Biblical events; Religious fiction; Women in the Bible; Fiction, religious",Bible,6,https://covers.openlibrary.org/b/id/181018-L.jpg
151,"The Sea of Monsters (Percy Jackson and the Olympians, #2)",0786856866,True,OL42347879M,http://openlibrary.org/books/OL42347879M/The_Sea_of_Monsters,The Sea of Monsters,2006-04,279.0,Disney - Hyperion; Miramax Books/Hyperion Books for Children,Disney - Hyperion,"Serie:Percy_Jackson_and_the_Olympians; Fiction; Fantasy; Greek Mythology; Juvenile fiction; Camps; Friendship; Camps, fiction",Serie:Percy_Jackson_and_the_Olympians,27,https://covers.openlibrary.org/b/id/14601476-L.jpg
152,Dear John,0446528056,True,OL7536923M,http://openlibrary.org/books/OL7536923M/Dear_John,Dear John,"October 30, 2006",276.0,Warner Books,Warner Books,"Long-distance relationships; Soldiers; Fiction; Man-woman relationship; Love stories; Fiction, romance, contemporary; Man-woman relationships, fiction; nyt:mass-market-paperback=2008-07-20",Long-distance relationships,14,https://covers.openlibrary.org/b/id/286188-L.jpg
153,"City of Ashes (The Mortal Instruments, #2)",9781416914312,False,,,,,,,,,,0,
154,Macbeth,0743477103,True,OL24373677M,http://openlibrary.org/books/OL24373677M/The_tragedy_of_Macbeth,The tragedy of Macbeth,2002,223.0,Washington Square Press,Washington Square Press,Drama; Regicides; Kings and rulers; Texts; French-Canadian dialect; Scotland; kings; greed,Drama,146,https://covers.openlibrary.org/b/id/6615064-L.jpg
155,"The Two Towers (The Lord of the Rings, #2)",0618346260,True,OL26447421M,http://openlibrary.org/books/OL26447421M/The_Two_Towers,The Two Towers,2003,,Houghton Mifflin Company,Houghton Mifflin Company,Ents; Orcs; hobbits; magic; Ficción fantástica inglesa; Ficción; translations into Spanish; readers for new literates,Ents,57,https://covers.openlibrary.org/b/id/14624667-L.jpg
156,"Something Borrowed (Darcy & Rachel, #1)",031232118X,True,OL3301556M,http://openlibrary.org/books/OL3301556M/Something_borrowed,Something borrowed,2004,322.0,St. Martins Press,St. Martins Press,Single women; Triangles (Interpersonal relations); nyt:trade_fiction_paperback=2011-05-28; Fiction; Single women in fiction; Risk-taking (Psychology); New York Times bestseller; Female friendship,Single women,16,https://covers.openlibrary.org/b/id/179832-L.jpg
157,Green Eggs and Ham,0394800168,True,OL23292667M,http://openlibrary.org/books/OL23292667M/Green_Eggs_and_Ham_(1988),Green Eggs and Ham (1988),1988,62.0,"Beginner Books (Div. of Random House, Inc.) In Canada by Random House of Canada Limited","Beginner Books (Div. of Random House, Inc.) In Canada by Random House of Canada Limited",1960-1988; Dr. Seuss; Beginner Books; I Can Read It All By Myself; Green Eggs and Ham; Audio-Cassette included; First time readers; English,1960-1988,49,https://covers.openlibrary.org/b/id/6507741-L.jpg
158,"Charlie and the Chocolate Factory (Charlie Bucket, #1)",0142403881,True,OL7360740M,http://openlibrary.org/books/OL7360740M/Charlie_and_the_Chocolate_Factory,Charlie and the Chocolate Factory,2005,176.0,Puffin Books; Puffin,Puffin Books,Childrens Media Tie-In Books; Children's Middle Grade Action & Adventure Books; Children's Picture Books; Avarice; Behavior; Chocolat; Chocolate; Chocolate factories,Childrens Media Tie-In Books,51,https://covers.openlibrary.org/b/id/8388025-L.jpg
159,"The Battle of the Labyrinth (Percy Jackson and the Olympians, #4)",1423101464,True,OL42344078M,http://openlibrary.org/books/OL42344078M/The_Battle_of_the_Labyrinth,The Battle of the Labyrinth,2008,,Disney - Hyperion Books,Disney - Hyperion Books,Serie:Percy_Jackson_and_the_Olympians; Greek Mythology; Juvenile fiction; Fiction; Monsters in fiction; Labyrinths; Camps; Monsters,Serie:Percy_Jackson_and_the_Olympians,39,https://covers.openlibrary.org/b/id/14572716-L.jpg
160,Great Expectations,0192833596,True,OL7384012M,http://openlibrary.org/books/OL7384012M/Great_Expectations,Great Expectations,1998,530.0,"Oxford University Press; Oxford University Press, USA",Oxford University Press,Authors; Benefactors; Bildungsromans; Boys; British and irish fiction (fictional works by one author); Child and youth fiction; Classic Literature; Coming of age,Authors,63,https://covers.openlibrary.org/b/id/9280556-L.jpg
161,"The Return of the King (The Lord of the Rings, #3)",0345339738,True,OL51708836M,http://openlibrary.org/books/OL51708836M/The_Return_of_the_King,The Return of the King,1986-07,544.0,Ballantine Books,Ballantine Books,Elves; Hobbits; The Lord of the Rings; hope; fear; magic; Fiction; Fantasy,Elves,44,https://covers.openlibrary.org/b/id/14627081-L.jpg
163,"The Lost Hero (The Heroes of Olympus, #1)",142311339X,True,OL42342637M,http://openlibrary.org/books/OL42342637M/The_Lost_Hero,The Lost Hero,12 October 2010,576.0,Disney-Hyperion Books,Disney-Hyperion Books,Serie:The_Heroes_of_Olympus; nyt:chapter_books=2010-11-06; New York Times bestseller; fantasy; adventure; kids; teens; children,Serie:The_Heroes_of_Olympus,31,https://covers.openlibrary.org/b/id/14601509-L.jpg
164,Eleanor & Park,1250012570,True,OL61146885M,http://openlibrary.org/books/OL61146885M/Eleanor_Park,Eleanor & Park,2013,,St. Martin's Press,St. Martin's Press,Love & Romance; Love; JUVENILE FICTION; Teenagers; Fiction; Bullying; First loves; Dating (Social customs),Love & Romance,51,https://covers.openlibrary.org/b/id/15216441-L.jpg
165,"A Feast for Crows (A Song of Ice and Fire, #4)",055358202X,True,OL60147714M,http://openlibrary.org/books/OL60147714M/A_Feast_for_Crows,A Feast for Crows,2011,,Bantam Books,Bantam Books,New York Times bestseller; nyt:mass_market_paperback=2011-08-20; Seven Kingdoms (Imaginary place); Fiction; Fantasy fiction; Fantasy; Reading Level-Grade 7; Reading Level-Grade 9,New York Times bestseller,65,https://covers.openlibrary.org/b/id/15123756-L.jpg
166,"Matched (Matched, #1)",0525423648,True,OL24840179M,http://openlibrary.org/books/OL24840179M/Matched,Matched,2010,369.0,Dutton Books,Dutton Books,Young adult fiction; Fantasy; Juvenile fiction; Mate selection; Fiction; Self-realization; Triangles (Interpersonal relations); Marriage,Young adult fiction,37,https://covers.openlibrary.org/b/id/15159662-L.jpg
167,"American Gods (American Gods, #1)",0747263744,True,OL7960381M,http://openlibrary.org/books/OL7960381M/American_Gods,American Gods,2002-03-04,672.0,Headline Book Publishing,Headline Book Publishing,science fiction; fantasy fiction; Americana; fantasy; mythology; Spiritual warfare; Literature; award:hugo_award=2002,science fiction,39,https://covers.openlibrary.org/b/id/485849-L.jpg
168,The Stand,0385199570,True,OL24876792M,http://openlibrary.org/books/OL24876792M/The_stand,The stand,1990,1153.0,Doubleday,Doubleday,suspense & thriller; gothic & horror; biological warfare; research; horror fiction; horror tales; Fiction; Thrillers,suspense & thriller,31,
169,The Last Song,0446547565,True,OL24001796M,http://openlibrary.org/books/OL24001796M/The_last_song,The last song,2009,390.0,Grand Central Pub.; Grand Central Publishing,Grand Central Pub.,Literature; Teenage girls; Fiction; Love stories; Movie novels; Divorce; First loves; Bildungsromans,Literature,26,https://covers.openlibrary.org/b/id/6961564-L.jpg
170,Digital Fortress,9780552151712,False,,,,,,,,,,0,
171,Emma,0141439580,True,OL40233751M,http://openlibrary.org/books/OL40233751M/Emma,Emma,2015,512.0,Penguin Books,Penguin Books,Social life and customs; Mate selection; Fiction; Fathers and daughters; open_syllabus_project; Historical Fiction; Female friendship; Young women,Social life and customs,98,https://covers.openlibrary.org/b/id/12991890-L.jpg
172,Anna Karenina,0345803922,True,OL26108113M,http://openlibrary.org/books/OL26108113M/Anna_Karenina,Anna Karenina,2012,,Vintage Books,Vintage Books,"Social life and customs; Married women; Adultery; Fiction; Married people, fiction; Continental european fiction (fictional works by one author)",Social life and customs,6,https://covers.openlibrary.org/b/id/7740241-L.jpg
173,A Clockwork Orange,0393312836,True,OL18375627M,http://openlibrary.org/books/OL18375627M/A_Clockwork_Orange,A Clockwork Orange,1986,192.0,W.W. Norton & Company,W.W. Norton & Company,bible; aversion therapy; unintended consequences; Beethoven's Fifth Symphony; gang rape; psychiatric hospitals; maturity; metanoia,bible,61,https://covers.openlibrary.org/b/id/8401474-L.jpg
174,The Shack,0964729237,True,OL20962064M,http://openlibrary.org/books/OL20962064M/The_Shack,The Shack,2007,252.0,Windblown Media,Windblown Media,"Life change events; Missing children; Fiction; nyt:mass_market_paperback=2011-10-15; New York Times bestseller; Change (Psychology); Fiction, suspense; Fiction, religious",Life change events,11,https://covers.openlibrary.org/b/id/6646894-L.jpg
175,"The Last Olympian (Percy Jackson and the Olympians, #5)",0739380338,True,OL26063199M,http://openlibrary.org/books/OL26063199M/The_Last_Olympian,The Last Olympian,2009,,Listening Library,Listening Library,Serie:Percy_Jackson_and_the_Olympians; Fiction; Greek Mythology; Monsters; Mythical Animals; Juvenile fiction; Young Adult Fiction; Children's fiction,Serie:Percy_Jackson_and_the_Olympians,30,https://covers.openlibrary.org/b/id/7656480-L.jpg
176,It,0451169514,True,OL53037332M,http://openlibrary.org/books/OL53037332M/It,It,1990,,Signet,Signet,coming of age; thrillers; suspense; horror; Schwinn bicycles; catatonia; homosexuality; blood oaths,coming of age,34,https://covers.openlibrary.org/b/id/14654040-L.jpg
177,Crime and Punishment,0143058142,True,OL7361882M,http://openlibrary.org/books/OL7361882M/Crime_and_Punishment_(Penguin_Classics),Crime and Punishment (Penguin Classics),"June 16, 2005",1.0,Penguin Audio,Penguin Audio,English Translations; Russian literature; Novela psicológica; Fiction; Translations into Yiddish; Psychological fiction; German language; Murder,English Translations,63,https://covers.openlibrary.org/b/id/111733-L.jpg
180,Siddhartha,0553208845,True,OL15979990M,http://openlibrary.org/books/OL15979990M/Siddhartha,Siddhartha,1971,152.0,Bantam Books,Bantam Books,Alegorías; Buddha (The concept); Buddha and Buddhism; Buddhism; Buddhist Philosophy; Budismo; Chrestomathies and readers; Classic Literature,Alegorías,58,https://covers.openlibrary.org/b/id/6456720-L.jpg
181,In Cold Blood,0679745580,True,OL61508837M,http://openlibrary.org/books/OL61508837M/In_Cold_Blood,In Cold Blood,1994,343.0,Vintage,Vintage,"True; Crime; Murder; Mystery; Cas, Études de; Meurtre; Análisis de casos; Asesinato",True,45,https://covers.openlibrary.org/b/id/15206099-L.jpg
182,"Beautiful Creatures (Caster Chronicles, #1)",0316042676,True,OL22842232M,http://openlibrary.org/books/OL22842232M/Beautiful_Creatures_(Caster_Chronicles_Series_Book_1),"Beautiful Creatures (Caster Chronicles Series, Book 1)",12/01/2009,563.0,"Little, Brown and Co.","Little, Brown and Co.",Dreams; Fiction; High schools; History; Juvenile Fiction; Love; Psychic ability; Recluses,Dreams,31,https://covers.openlibrary.org/b/id/15121647-L.jpg
183,"Clockwork Angel (The Infernal Devices, #1)",1416975861,True,OL24356802M,http://openlibrary.org/books/OL24356802M/Clockwork_Angel,Clockwork Angel,2011,,Walker Books (UK); Margaret K. McElderry,Walker Books (UK),New York Times bestseller; nyt:paperback_books=2011-10-01; London (England); Orphans; Fiction; Supernatural; Secret societies; Demonology,New York Times bestseller,34,https://covers.openlibrary.org/b/id/13149905-L.jpg
184,Matilda,0141301066,True,OL7359323M,http://openlibrary.org/books/OL7359323M/Matilda,Matilda,1998,240.0,Puffin,Puffin,juvenile fiction; Schools; Girls; Spanish language; Translations from English; Fiction; Humorous stories; Écoles,juvenile fiction,55,https://covers.openlibrary.org/b/id/9206173-L.jpg
185,The Night Circus,0385534639,True,OL24983156M,http://openlibrary.org/books/OL24983156M/The_Night_Circus,The Night Circus,2011,516.0,Doubleday; Anchor Books,Doubleday,New York Times bestseller; Fiction; Magicians; Circus; Games; Circus performers; nyt:hardcover_fiction=2011-12-24; Psychokinesis,New York Times bestseller,20,https://covers.openlibrary.org/b/id/8750523-L.jpg
186,"The Other Boleyn Girl (The Plantagenet and Tudor Novels, #9)",0743227441,True,OL20948529M,http://openlibrary.org/books/OL20948529M/The_Other_Boleyn_Girl,The Other Boleyn Girl,2007,664.0,Pocket Star Books; Touchstone; Touchstone Books; Touchstone/Simon & Schuster,Pocket Star Books,"Mistresses; Kings and rulers; Fiction; Paramours; Sisters; History; Fiction, historical, general; England, fiction",Mistresses,13,https://covers.openlibrary.org/b/id/13157688-L.jpg
187,"Uglies (Uglies, #1)",0689865384,True,OL3314799M,http://openlibrary.org/books/OL3314799M/Uglies,Uglies,2005,425.0,Simon Pulse,Simon Pulse,Young adult fiction; Teenage girls; Juvenile fiction; Fiction; Science fiction; Personal Beauty; Friendship; Children's fiction,Young adult fiction,31,https://covers.openlibrary.org/b/id/15087957-L.jpg
189,"The Lord of the Rings (The Lord of the Rings, #1-3)",0618640150,True,OL3404981M,http://openlibrary.org/books/OL3404981M/The_Lord_of_the_Rings,The Lord of the Rings,2005,1178.0,Houghton Mifflin,Houghton Mifflin,The Lord of the Rings; Fiction; Ficción; English Fantasy fiction; Ficción fantástica inglesa; Fantasy fiction; Open Library Staff Picks; Middle Earth (Imaginary place),The Lord of the Rings,36,https://covers.openlibrary.org/b/id/8314542-L.jpg
190,Wild: From Lost to Found on the Pacific Crest Trail,0307592731,True,OL25025358M,http://openlibrary.org/books/OL25025358M/Wild,Wild,2012,315.0,Alfred A. Knopf,Alfred A. Knopf,Travel; American Authors; Biography; Description and travel; Self-actualization (Psychology) in women; Hiking; Biographies as Topic; Healing power of Nature,Travel,28,https://covers.openlibrary.org/b/id/7249596-L.jpg
191,Watchmen,0930289234,True,OL15479330M,http://openlibrary.org/books/OL15479330M/Watchmen,Watchmen,1987,413.0,DC Comics Inc.; DC Comics,DC Comics Inc.,"Watchmen (Comic strip); Graphic novels; Comic books, strips; New York Times bestseller; nyt:paperback_graphic_books=2009-03-15; Comics & graphic novels, science fiction; Superheroes; Crimes against",Watchmen (Comic strip),27,https://covers.openlibrary.org/b/id/6459694-L.jpg
192,"The Name of the Wind (The Kingkiller Chronicle, #1)",075640407X,True,OL46835937M,http://openlibrary.org/books/OL46835937M/The_Name_of_the_Wind,The Name of the Wind,"April 1, 2007",662.0,Penguin Group DAW,Penguin Group DAW,orphans; American fantasy fiction; Adult books for young adults; epic fiction; series; Juvenile audience; demons; quests,orphans,55,https://covers.openlibrary.org/b/id/13409756-L.jpg
193,Outliers: The Story of Success,0316017922,True,OL17030758M,http://openlibrary.org/books/OL17030758M/Outliers,Outliers,2008,309.0,"Little, Brown and Co.","Little, Brown and Co.",Psychology; Business; Successful people; Success; Nonfiction; nyt:paperback_business_books=2012-02-25; New York Times bestseller; Interpersonal relations,Psychology,29,https://covers.openlibrary.org/b/id/6581522-L.jpg
194,"Moby-Dick or, The Whale",0142437247,True,OL3704476M,http://openlibrary.org/books/OL3704476M/Moby-Dick_or_The_whale,"Moby-Dick, or, The whale",2003,654.0,Penguin Books,Penguin Books,American Sea stories; Mentally ill; Whaling; Science Fiction & Fantasy; Whales; great_books_of_the_western_world; Translations into French; Literature,American Sea stories,104,https://covers.openlibrary.org/b/id/110556-L.jpg
195,The Guernsey Literary and Potato Peel Pie Society,0385340990,True,OL10150993M,http://openlibrary.org/books/OL10150993M/The_Guernsey_Literary_and_Potato_Peel_Pie_Society,The Guernsey Literary and Potato Peel Pie Society,2008,288.0,The Dial Press,The Dial Press,New York Times bestseller; nyt:trade_fiction_paperback=2010-07-11; Literature; Epistolary fiction; Fiction; Women authors; Book clubs (Discussion groups); History,New York Times bestseller,41,https://covers.openlibrary.org/b/id/14859218-L.jpg
196,Fight Club,0393327345,True,OL23292542M,http://openlibrary.org/books/OL23292542M/Fight_Club,Fight Club,1997,208.0,Henry Holt; W. W. Norton; Owl Books,Henry Holt,Fiction; Millennialism; Young men; Science fiction; open_syllabus_project; Hand-to-hand fighting; Gangs; Self-destructive behavior,Fiction,22,https://covers.openlibrary.org/b/id/14614869-L.jpg
197,"Dead Until Dark (Sookie Stackhouse, #1)",0441008534,True,OL3664332M,http://openlibrary.org/books/OL3664332M/Dead_Until_Dark_(Sookie_Stackhouse_1),"Dead Until Dark (Sookie Stackhouse, #1)",2001,260.0,Ace Books; Berkley Pub. Group,Ace Books,Vampires; Cocktail servers; Telepathy; Waitresses; Fiction; Fantasy; New York Times bestseller; Urban Fantasy,Vampires,25,https://covers.openlibrary.org/b/id/6676125-L.jpg
198,The Color Purple,9780671727812,False,,,,,,,,,,0,
199,Marley and Me: Life and Love With the World's Worst Dog,9780739461212,False,,,,,,,,,,0,
200,And Then There Were None,0312330871,True,OL3301827M,http://openlibrary.org/books/OL3301827M/And_Then_There_Were_None,And Then There Were None,2004?,277.0,St. Martin's Griffin,St. Martin's Griffin,Roman policier; French language materials; Français (langue); Lectures et morceaux choisis; cyanide poisoning; chloral hydrate; potassium cyanide; Scotland Yard,Roman policier,40,https://covers.openlibrary.org/b/id/12387509-L.jpg
201,"The Lost Symbol (Robert Langdon, #3)",0385504225,True,OL23949087M,http://openlibrary.org/books/OL23949087M/The_Lost_Symbol,The Lost Symbol,2009,509.0,Doubleday,Doubleday,"Suspense & Thriller; Historical Fiction; Aventures; Langdon, Robert (Personnage fictif); Kidnapping; Signes et symboles; Secret societies; Cryptographers",Suspense & Thriller,61,https://covers.openlibrary.org/b/id/9322682-L.jpg
202,"Hush, Hush (Hush, Hush, #1)",1416989412,True,OL23202475M,http://openlibrary.org/books/OL23202475M/Hush_hush,"Hush, hush",2010,,Simon & Schuster Books for Young Readers,Simon & Schuster Books for Young Readers,Fiction; Angels; Supernatural; Dating (Social customs); High schools; Schools; Best friends; Friendship,Fiction,18,https://covers.openlibrary.org/b/id/9497576-L.jpg
204,A Christmas Carol,1561797464,True,OL8638433M,http://openlibrary.org/books/OL8638433M/A_Christmas_Carol_(Great_Stories),A Christmas Carol (Great Stories),"October 1, 1999",104.0,Bethany House Publishers,Bethany House Publishers,"Children's fiction; Toy and movable books; Christmas, fiction; Children's plays, English; Christmas; Drama; Ghosts; Plays",Children's fiction,186,https://covers.openlibrary.org/b/id/794448-L.jpg
205,"Interview with the Vampire (The Vampire Chronicles, #1)",0345476875,True,OL9326010M,http://openlibrary.org/books/OL9326010M/Interview_With_the_Vampire_(The_Vampire_Chronicles),Interview With the Vampire (The Vampire Chronicles),"August 31, 2004",352.0,Ballantine Books,Ballantine Books,gothic horror; vampire literature; Vampires; Translations into Spanish; Fiction; Novela; Spanish imprints; Spanish fiction,gothic horror,26,https://covers.openlibrary.org/b/id/6954770-L.jpg
207,"One for the Money (Stephanie Plum, #1)",0312362080,True,OL9766273M,http://openlibrary.org/books/OL9766273M/One_for_the_Money,One for the Money,1994,334.0,St. Martin's Griffin,St. Martin's Griffin,Women detectives; Detective and mystery stories; Bounty hunters; Stephanie Plum (Fictitious character); Private investigators; nyt:mass_market_paperback=2011-12-17; Fiction; New York Times bestseller,Women detectives,17,https://covers.openlibrary.org/b/id/14361806-L.jpg
208,The Immortal Life of Henrietta Lacks,1400052173,True,OL23988560M,http://openlibrary.org/books/OL23988560M/The_immortal_life_of_Henrietta_Lacks,The immortal life of Henrietta Lacks,2009,369.0,Crown Publishers,Crown Publishers,Cancer; Cell culture; Research; Patients; Health; HeLa cells; African American women; Medical ethics,Cancer,86,https://covers.openlibrary.org/b/id/6583106-L.jpg
210,"Vampire Academy (Vampire Academy, #1)",159514174X,True,OL17438840M,http://openlibrary.org/books/OL17438840M/Vampire_Academy,Vampire Academy,2007,332.0,Razorbill,Razorbill,"Kings, queens, rulers, etc. in fiction; Magic; Vampires; Social classes in fiction; Juvenile fiction; Kings, queens, rulers; Magic in fiction; Fiction","Kings, queens, rulers, etc. in fiction",41,https://covers.openlibrary.org/b/id/13745442-L.jpg
211,Blink: The Power of Thinking Without Thinking,0316010669,True,OL24055710M,http://openlibrary.org/books/OL24055710M/Blink,Blink,"April 3, 2007",320.0,Back Bay Books,Back Bay Books,Intuition; Education; Recovery; Business; Intuïtie; Prise de décision (Psychologie); Open Library Staff Picks; Besluitvorming,Intuition,39,https://covers.openlibrary.org/b/id/6291252-L.jpg
212,Atonement,038572179X,True,OL32651443M,http://openlibrary.org/books/OL32651443M/Atonement,Atonement,2007?,351.0,Anchor Books,Anchor Books,historical romance; Dunkirk Evacuation; National Book Critics Circle Award Winner; award:national_book_critics_circle_award=2002; award:national_book_critics_circle_award=fiction; Psychological fiction; Teenage girls; Fiction,historical romance,45,https://covers.openlibrary.org/b/id/14950941-L.jpg
213,The Metamorphosis,0553213695,True,OL22474238M,http://openlibrary.org/books/OL22474238M/The_metamorphosis,The metamorphosis,1986,201.0,Bantam Books,Bantam Books,Fantasy fiction; Children's fiction; Lectures et morceaux choisis; Fantastique; Nouvelles; Métamorphose; Romans; Famille,Fantasy fiction,75,https://covers.openlibrary.org/b/id/8694137-L.jpg
214,"The Titan's Curse (Percy Jackson and the Olympians, #3)",0141382899,True,OL31516750M,http://openlibrary.org/books/OL31516750M/Percy_Jackson_and_the_Titan's_Curse,Percy Jackson and the Titan's Curse,2007-12-05,304.0,Puffin,Puffin,Serie:Percy_Jackson_and_the_Olympians; nyt:series_books=2007-07-21; New York Times bestseller; Fictitious Character; Children's Fiction; Fiction; Greek Mythology; Juvenile fiction,Serie:Percy_Jackson_and_the_Olympians,22,https://covers.openlibrary.org/b/id/10525423-L.jpg
215,Ready Player One,030788743X,True,OL24842593M,http://openlibrary.org/books/OL24842593M/Ready_Player_One,Ready Player One,"August 16, 2011",374.0,Crown Publishers,Crown Publishers,"Regression (Civilization); Utopias; Virtual reality; Fiction; Puzzles; Fiction, science fiction, action & adventure; Fiction, dystopian; Shared virtual environments",Regression (Civilization),28,https://covers.openlibrary.org/b/id/8270105-L.jpg
216,The Art of Racing in the Rain,1554681723,True,OL32194513M,http://openlibrary.org/books/OL32194513M/The_Art_of_Racing_in_the_Rain,The Art of Racing in the Rain,"Apr 09, 2008",,Doubleday Home Library,Doubleday Home Library,Fiction; Automobile racing drivers; Dogs; Literature; New York Times bestseller; nyt:trade_fiction_paperback=2009-06-06; American fiction; Custody of children,Fiction,17,https://covers.openlibrary.org/b/id/10846033-L.jpg
217,"The Devil in the White City: Murder, Magic, and Madness at the Fair That Changed America",9780739303412,True,OL7913977M,http://openlibrary.org/books/OL7913977M/A_Travel_Guide_to_Heaven,A Travel Guide to Heaven,"September 16, 2003",,Random House Audio,Random House Audio,Nonfiction; Religion & Spirituality,Nonfiction,2,https://covers.openlibrary.org/b/id/467565-L.jpg
218,"Bared to You (Crossfire, #1)",0425263908,True,OL25317242M,http://openlibrary.org/books/OL25317242M/Bared_to_you,Bared to you,2012,,Berkley Books,Berkley Books,Romance; erotica; adult; fiction; contemporary; bdsm; new adult; chick lit,Romance,15,https://covers.openlibrary.org/b/id/7239078-L.jpg
219,"The Chronicles of Narnia (Chronicles of Narnia, #1-7)",9780066238512,False,,,,,,,,,,0,
220,Twilight: The Complete Illustrated Movie Companion,0316043133,True,OL23103066M,http://openlibrary.org/books/OL23103066M/Twilight,Twilight,2008,141.0,"Little, Brown and Company","Little, Brown and Company",Fiction; Motion pictures; Twilight (Motion picture); Vampires; First loves; High school students; Costume; Setting and scenery,Fiction,16,https://covers.openlibrary.org/b/id/9989130-L.jpg
221,"A Child Called ""It"" (Dave Pelzer #1)",1558743669,True,OL26687088M,http://openlibrary.org/books/OL26687088M/A_child_called_it,"A child called ""it""",1995,200.0,"Health Communications, Inc.","Health Communications, Inc.",Biography; Abused children; Foster home care; Abusive mothers; Family violence; Family relationships; Children of alcoholics; Biografía,Biography,52,https://covers.openlibrary.org/b/id/14559605-L.jpg
222,"The Bourne Identity (Jason Bourne, #1)",0752864327,True,OL7984799M,http://openlibrary.org/books/OL7984799M/The_Bourne_Identity_(Read_a_Great_Movie),The Bourne Identity (Read a Great Movie),"March 24, 2005",576.0,"Orion; Orion Publishing Group, Limited",Orion,"Fiction, thrillers, general","Fiction, thrillers, general",1,https://covers.openlibrary.org/b/id/499535-L.jpg
223,"Artemis Fowl (Artemis Fowl, #1)",0786817879,True,OL8142189M,http://openlibrary.org/books/OL8142189M/Artemis_Fowl_(Artemis_Fowl_Book_1),"Artemis Fowl (Artemis Fowl, Book 1)","April 1, 2003",316.0,Miramax,Miramax,Artemis Fowl; Eoin Colfer; fairies; Kidnapping; Fiction; Demonology; Time travel; New York Times bestseller,Artemis Fowl,87,https://covers.openlibrary.org/b/id/12636226-L.jpg
224,"Fallen (Fallen, #1)",0385738935,True,OL24032676M,http://openlibrary.org/books/OL24032676M/Fallen,Fallen,2009,,Delacorte Press,Delacorte Press,Fiction; Love; Reincarnation; Supernatural; Reformatories; Schools; Angels; New York Times bestseller,Fiction,17,
225,East of Eden,0142000655,True,OL27900620M,http://openlibrary.org/books/OL27900620M/East_of_Eden,East of Eden,2002,601.0,Penguin Books,Penguin Books,migrant labor; historical fiction; domestic fiction; depravity; beneficence; love; the struggle for acceptance; self-destruction,migrant labor,66,https://covers.openlibrary.org/b/id/9255320-L.jpg
226,Dark Places,0307341569,True,OL22529152M,http://openlibrary.org/books/OL22529152M/Dark_places,Dark places,2009,349.0,"Shaye Areheart Books; Crown Publishing Group, The",Shaye Areheart Books,Literature; Families; Brothers and sisters; Family; Crimes against; Fiction; Children of murder victims; Thriller,Literature,41,https://covers.openlibrary.org/b/id/11567316-L.jpg
227,The Client,0385339089,True,OL3433820M,http://openlibrary.org/books/OL3433820M/The_client,The client,2005,482.0,Bantam Dell,Bantam Dell,suicide; Fifth Amendment; lawyers; FBI; United States attorney; legal thriller; Organized crime; USA,suicide,58,https://covers.openlibrary.org/b/id/240221-L.jpg
228,"The Nanny Diaries (Nanny, #1)",0312291639,True,OL23210384M,http://openlibrary.org/books/OL23210384M/The_Nanny_Diaries_(Nanny_1),The Nanny Diaries (Nanny #1),2003,305.0,St. Martin's Press,St. Martin's Press,"Fiction, humorous; New york (n.y.), fiction","Fiction, humorous",2,https://covers.openlibrary.org/b/id/5723321-L.jpg
229,Alice's Adventures in Wonderland & Through the Looking-Glass,0451527747,True,OL24324903M,http://openlibrary.org/books/OL24324903M/Alice's_Adventures_in_Wonderland_Through_the_Looking-Glass,Alice's Adventures in Wonderland & Through the Looking-Glass,"December 12, 2000",239.0,Signet Classics,Signet Classics,"adventure and adventurers; adventure and adventurers, fiction; adventure stories; adventure travel; animals; anthropomorphism; artists' illustrated books; books and reading",adventure and adventurers,128,https://covers.openlibrary.org/b/id/14382042-L.jpg
230,Persuasion,0192802631,True,OL22593782M,http://openlibrary.org/books/OL22593782M/PERSUASION_ED._BY_JAMES_KINSLEY.,PERSUASION; ED. BY JAMES KINSLEY.,2004,249.0,OXFORD UNIV PRESS,OXFORD UNIV PRESS,"Fiction, Romance, Historical, Regency; Love stories, English; Moški in ženske; V leposlovju; Medosebni odnosi; Družbene razmere; Social life and customs; Rejection (Psychology)","Fiction, Romance, Historical, Regency",73,
231,Sarah's Key,0312370830,True,OL24832604M,http://openlibrary.org/books/OL24832604M/Sarah's_Key,Sarah's Key,2007-06,294.0,St. Martin's Press,St. Martin's Press,Vel' d'Hiv Roundup; Nazis; Family secrets; Jews; Anniversaries; Fiction; Women authors; Americans,Vel' d'Hiv Roundup,43,https://covers.openlibrary.org/b/id/8370189-L.jpg
232,"The Gunslinger (The Dark Tower, #1)",0452284694,True,OL3683087M,http://openlibrary.org/books/OL3683087M/The_gunslinger,The gunslinger,2003-07,231.0,Plume,Plume,succubus; demons; American fiction; fantastic fiction; adventure fiction; science fiction; horror fiction; fantasy,succubus,34,https://covers.openlibrary.org/b/id/14651731-L.jpg
233,Love in the Time of Cholera,140003468X,True,OL8362802M,http://openlibrary.org/books/OL8362802M/Love_in_the_Time_of_Cholera,Love in the Time of Cholera,2004?,368.0,Vintage,Vintage,Vida familiar; Family life; Historias de amor; Love stories; Ficció histórica; Historical fiction; Novels; Novela,Vida familiar,47,https://covers.openlibrary.org/b/id/10096442-L.jpg
234,Speak,014131088X,True,OL18986623M,http://openlibrary.org/books/OL18986623M/Speak,Speak,2003,197.0,Speak,Speak,"Children's fiction; Interpersonal relations, fiction; Schools, fiction; Rape, fiction; Mental health; Teenage girls; Emotional problems; Social isolation",Children's fiction,33,https://covers.openlibrary.org/b/id/15153286-L.jpg
235,The Husband's Secret,0399159347,True,OL25687539M,http://openlibrary.org/books/OL25687539M/The_Husband's_Secret,The Husband's Secret,2013,396.0,"Putnam; Amy Einhorn Books, Published by G. P. Putnam's Sons , a member of Penguin Group (USA) Inc.",Putnam,"Letters; Husband and wife; Fiction; Family secrets; Mothers of murder victims; Fiction, family life; Married people, fiction; nyt:hardcover-fiction=2013-08-25",Letters,13,https://covers.openlibrary.org/b/id/7352407-L.jpg
236,Into Thin Air: A Personal Account of the Mount Everest Disaster,0385494785,True,OL18402231M,http://openlibrary.org/books/OL18402231M/Into_thin_air,Into thin air,1999,332.0,Anchor Books/Doubleday,Anchor Books/Doubleday,History; Adventure Consultants. Guided Expedition (1996 : Mount Everest); Adventure Consultants Guided Expedition (1996 : Mount Everest); Mountain Madness (Firm) Everest Expedition (1996); Mountaineering expeditions; Open Library Staff Picks; Nature; Mountaineering,History,57,https://covers.openlibrary.org/b/id/11654314-L.jpg
237,Carrie,9781416524312,False,,,,,,,,,,0,
238,Running with Scissors,031242227X,True,OL9368573M,http://openlibrary.org/books/OL9368573M/Running_with_Scissors,Running with Scissors,"June 1, 2003",320.0,Picador,Picador,Social life and customs; American Novelists; Intellectual life; American Authors; Homes and haunts; Biography; Childhood and youth; Amherst (Mass.),Social life and customs,19,https://covers.openlibrary.org/b/id/181768-L.jpg
239,World War Z: An Oral History of the Zombie War,9780307346612,True,OL24953189M,http://openlibrary.org/books/OL24953189M/World_War_Z,World War Z,2006,342.0,Three Rivers Press,Three Rivers Press,Humor; nyt:trade_fiction_paperback=2011-08-20; Fiction; New York Times bestseller; Zombies; War; Large type books; Imaginary wars and battles,Humor,31,https://covers.openlibrary.org/b/id/6994617-L.jpg
240,"Inferno (Robert Langdon, #4)",0385537859,True,OL32776419M,http://openlibrary.org/books/OL32776419M/Inferno,Inferno,2013,,Doubleday,Doubleday,"Dante Alighieri, 1265-1321; Code and cipher stories; Fiction; Cryptographers; Robert Langdon (Fictitious character); Langdon, Robert (Fictitious character); Reading Level-Grade 7; Reading Level-Grade 9","Dante Alighieri, 1265-1321",42,https://covers.openlibrary.org/b/id/14425656-L.jpg
241,Number the Stars,0440227534,True,OL24329291M,http://openlibrary.org/books/OL24329291M/Number_the_Stars,Number the Stars,1989 (first published),136.0,Laurel Leaf,Laurel Leaf,"Fiction; Friendship; Rescue; World War, 1939-1945; Jews; Juvenile fiction; Girls & Women; Newbery Medal",Fiction,46,https://covers.openlibrary.org/b/id/13915654-L.jpg
242,"Along Came a Spider (Alex Cross, #1)",0446692638,True,OL3686362M,http://openlibrary.org/books/OL3686362M/Along_came_a_spider,Along came a spider,2003,,Warner Books,Warner Books,Fiction; Police; Secret service; Private schools; Alex Cross (Fictitious character); Police psychologists; African American police; Psychological fiction,Fiction,21,https://covers.openlibrary.org/b/id/288497-L.jpg
243,Misery,9780450417412,False,,,,,,,,,,0,
244,Sharp Objects,0307341542,True,OL3418682M,http://openlibrary.org/books/OL3418682M/Sharp_objects,Sharp objects,2006,254.0,Shaye Areheart Books,Shaye Areheart Books,"Fiction; Women journalists; Thriller; Missouri, fiction; Women journalists, fiction; Fiction, suspense; Fiction, family life; Thrillers",Fiction,26,https://covers.openlibrary.org/b/id/167972-L.jpg
245,Bridge to Terabithia,0439366771,True,OL7512321M,http://openlibrary.org/books/OL7512321M/Bridge_to_Terabithia,Bridge to Terabithia,1995,128.0,Scholastic Inc.,Scholastic Inc.,Amistad; Children's stories; Death; Ficción juvenil; Fiction; Friendship; Grief; History,Amistad,55,https://covers.openlibrary.org/b/id/12627324-L.jpg
246,"Marked (House of Night, #1)",0312360266,True,OL26228551M,http://openlibrary.org/books/OL26228551M/Marked,Marked,2007,,St. Martin's Press,St. Martin's Press,"Children's fiction; Vampires, fiction; Occultism, fiction; Fantasy fiction; nyt:paperback-books=2008-08-24; New York Times bestseller",Children's fiction,6,
247,The 7 Habits of Highly Effective People: Powerful Lessons in Personal Change,0743269519,True,OL3309247M,http://openlibrary.org/books/OL3309247M/The_7_habits_of_highly_effective_people,The 7 habits of highly effective people,2004,370.0,Free Press,Free Press,Success- Psychological aspects; Character; Success; Psychological aspects; Aspectos psicológicos; Carácter; Exito; Psychological aspects of Success,Success- Psychological aspects,59,https://covers.openlibrary.org/b/id/14829002-L.jpg
248,A Midsummer Night's Dream,0743477545,True,OL7951041M,http://openlibrary.org/books/OL7951041M/A_Midsummer_Night's_Dream_(New_Folger_Library_Shakespeare),A Midsummer Night's Dream (New Folger Library Shakespeare),"January 1, 2004",204.0,Washington Square Press,Washington Square Press,"Drama; Courtship; Plays; Hippolyta (Greek mythology); Theseus (Greek mythology); Juvenile drama; Children's plays, English; Stage history",Drama,124,https://covers.openlibrary.org/b/id/9069520-L.jpg
249,Extremely Loud and Incredibly Close,0618711651,True,OL7606266M,http://openlibrary.org/books/OL7606266M/Extremely_Loud_and_Incredibly_Close,Extremely Loud and Incredibly Close,"April 4, 2006",326.0,Mariner Books; Houghton Mifflin,Mariner Books,"Literature; Fathers and sons; nyt:combined_print_fiction=2012-03-03; Gifted persons; Fiction; Loss (Psychology); New York Times bestseller; September 11 Terrorist Attacks, 2001",Literature,29,https://covers.openlibrary.org/b/id/395159-L.jpg
250,Wonder,0375869026,True,OL25025136M,http://openlibrary.org/books/OL25025136M/Wonder,Wonder,2012-02,315.0,Alfred A. Knopf,Alfred A. Knopf,health; daily living; mainstreaming; Craniofacial Abnormalities; young adult fiction; Mark Twain Award; Special Needs; Fiction - Social Themes - Special Needs,health,64,https://covers.openlibrary.org/b/id/14303762-L.jpg
251,The Cat in the Hat,039480001X,True,OL17217658M,http://openlibrary.org/books/OL17217658M/The_cat_in_the_hat,The cat in the hat,1986,61.0,Beginner Books; Random House,Beginner Books,Nonsense verses; Children's stories; American; Readers; Juvenile fiction; Spanish literature; Poetry; Children's literature,Nonsense verses,44,https://covers.openlibrary.org/b/id/14827224-L.jpg
252,"Cinder (The Lunar Chronicles, #1)",0312641893,True,OL25101572M,http://openlibrary.org/books/OL25101572M/Cinder,Cinder,2012,390.0,Feiwel & Friends; Feiwel and Friends,Feiwel & Friends,Serie:The_Lunar_Chronicles; Extraterrestrial beings; Social classes; New York Times bestseller; Overpopulation; Kings and rulers; nyt:chapter_books=2011-12-31; Science Fiction,Serie:The_Lunar_Chronicles,27,https://covers.openlibrary.org/b/id/10386402-L.jpg
253,"The Cuckoo's Calling (Cormoran Strike, #1)",0316206849,True,OL34142772M,http://openlibrary.org/books/OL34142772M/The_Cuckoo's_Calling,The Cuckoo's Calling,"April 30, 2013",446.0,Mulholland Books,Mulholland Books,private investigators; murder; investigation; veterans; Afghan War; fiction; Cormoran Strike; crime,private investigators,23,https://covers.openlibrary.org/b/id/12554173-L.jpg
254,"Shiver (The Wolves of Mercy Falls, #1)",0545123267,True,OL23180078M,http://openlibrary.org/books/OL23180078M/Shiver,Shiver,2009,392.0,Scholastic,Scholastic,Human-animal relationships; Supernatural in fiction; Metamorphosis; Fiction; Supernatural; New York Times bestseller; nyt:series_books=2011-07-09; Wolves in fiction,Human-animal relationships,24,https://covers.openlibrary.org/b/id/6290636-L.jpg
255,Atlas Shrugged,0452011876,True,OL7589983M,http://openlibrary.org/books/OL7589983M/Atlas_Shrugged,Atlas Shrugged,"August 1, 1999",1200.0,Plume,Plume,"Classic Literature; Fiction; Literature; Fiction, action & adventure; Fiction, science fiction, general; Egoism; Capitalism; Objectivism (Philosophy)",Classic Literature,30,https://covers.openlibrary.org/b/id/296148-L.jpg
256,Three Cups of Tea: One Man's Mission to Promote Peace ... One School at a Time,0143038257,True,OL24766756M,http://openlibrary.org/books/OL24766756M/Three_cups_of_tea,Three cups of tea,2006,338.0,Viking; Penguin Books,Viking,nyt:paperback_nonfiction=2007-01-28; History; Education; New York Times bestseller; Girls' schools; Young Adult Nonfiction; Nonfiction; Biography & Autobiography,nyt:paperback_nonfiction=2007-01-28,51,https://covers.openlibrary.org/b/id/14644639-L.jpg
257,Alice in Wonderland,0517223627,True,OL7681665M,http://openlibrary.org/books/OL7681665M/Alice_in_Wonderland,Alice in Wonderland,"September 7, 2004",96.0,Gramercy,Gramercy,"Alice (fictitious character : carroll), fiction; British and irish fiction (fictional works by one author); Fiction, fantasy, general; JUVENILE FICTION; classics; Fantasy & Magic; Imagination & Play; adventure and adventurers","Alice (fictitious character : carroll), fiction",176,https://covers.openlibrary.org/b/id/321739-L.jpg
258,"The Shadow of the Wind (The Cemetery of Forgotten Books,  #1)",9780143034912,False,,,,,,,,,,0,
259,"The Scorch Trials (Maze Runner, #2)",0385738757,True,OL28169662M,http://openlibrary.org/books/OL28169662M/The_Scorch_Trials_Movie_Tie-in_Edition,The Scorch Trials Movie Tie-in Edition,"Aug 04, 2015",384.0,Delacorte Press,Delacorte Press,Science fiction; Survival; Fiction; Solar flares; Mutation (Biology); Science; Experiments; Telepathy,Science fiction,32,https://covers.openlibrary.org/b/id/10107832-L.jpg
261,Under the Tuscan Sun,0767900383,True,OL22575369M,http://openlibrary.org/books/OL22575369M/Under_the_Tuscan_sun,Under the Tuscan sun,1996,280.0,Broadway Books,Broadway Books,Description and travel; Italian Cookery; Nonfiction; Social life and customs; Travel; romance; Cuisine italienne; Mœurs et coutumes,Description and travel,18,https://covers.openlibrary.org/b/id/7370739-L.jpg
262,Big Little Lies,0399167064,True,OL25687542M,http://openlibrary.org/books/OL25687542M/Big_Little_Lies,Big Little Lies,2014,460.0,G.P. Putnam's Sons,G.P. Putnam's Sons,Suburbs; Murder; Families; Schools; Divorce; Parents; Fiction; Parenting,Suburbs,34,https://covers.openlibrary.org/b/id/7352410-L.jpg
263,Ella Enchanted,0590920685,True,OL24206062M,http://openlibrary.org/books/OL24206062M/Ella_enchanted,Ella enchanted,1998,232.0,Scholastic,Scholastic,fiction; Juvenile Fiction - Fairy Tales & Folklore - Adaptations; Juvenile Fiction - Fantasy & Magic; Juvenile Fiction - Girls & Women; Fantasy; Juvenile fiction; Fantasy -- Juvenile fiction; Fairy godmothers,fiction,21,https://covers.openlibrary.org/b/id/6494624-L.jpg
264,The Sun Also Rises,0743297334,True,OL7949109M,http://openlibrary.org/books/OL7949109M/The_Sun_Also_Rises,The Sun Also Rises,"October 17, 2006",256.0,Scribner,Scribner,"Fiction, Historical; Expatriation, fiction; Americans; History; Brett Ashley (Fictitious character); Fiction; Ashley, Brett (Fictitious character); Spain, fiction","Fiction, Historical",32,https://covers.openlibrary.org/b/id/475569-L.jpg
266,"Kiss the Girls (Alex Cross, #2)",0446677388,True,OL46525987M,http://openlibrary.org/books/OL46525987M/Kiss_the_Girls,Kiss the Girls,2003-08,,Warner Books,Warner Books,Fiction; Police; Serial murders; Alex Cross (Fictitious character); Psychologists; Police psychologists; African American police; Detective and mystery stories,Fiction,15,https://covers.openlibrary.org/b/id/13156038-L.jpg
267,The Nightingale,0312577222,True,OL25687541M,http://openlibrary.org/books/OL25687541M/The_Nightingale,The Nightingale,2015,,St. Martin's Press,St. Martin's Press,"Civilians in war; Fiction; FICTION / Contemporary Women; World War (1939-1945) fast (OCoLC)fst01180924; Underground movements; Women in war; World War, 1939-1945; Sisters",Civilians in war,55,https://covers.openlibrary.org/b/id/7352409-L.jpg
268,Never Let Me Go,1400078776,True,OL16198255M,http://openlibrary.org/books/OL16198255M/Never_Let_Me_Go,Never Let Me Go,2006,288.0,Vintage International,Vintage International,"Fiction; Organ donors; Cloning; Donation of organs, tissues; Women; Literature; New York Times bestseller; nyt:trade_fiction_paperback=2010-09-05",Fiction,36,https://covers.openlibrary.org/b/id/13160732-L.jpg
269,P.S. I Love You,0786890754,True,OL27940748M,http://openlibrary.org/books/OL27940748M/PS_I_Love_You,"PS, I Love You",2004,,Hyperion,Hyperion,Fiction; Loss (Psychology); Grief; Widows; Psychological fiction; Friendship; Literature; Loss (Psychology) -- Fiction.,Fiction,30,https://covers.openlibrary.org/b/id/9328566-L.jpg
270,Rebecca,1844080382,True,OL22596620M,http://openlibrary.org/books/OL22596620M/Rebecca,Rebecca,2003,429.0,Virago,Virago,Married women; Cornwall (England : County); Remarriage; Remarried people; Fiction; Drama; Suspense fiction; Open Library Staff Picks,Married women,36,
271,Flowers for Algernon,9780156030312,False,,,,,,,,,,0,
272,Like Water for Chocolate,0552995878,True,OL7816169M,http://openlibrary.org/books/OL7816169M/Like_Water_for_Chocolate,Like Water for Chocolate,1993,222.0,Black Swan; Trans-World,Black Swan,virginity; magical realism; Self-growth; violence; passion; rebellion; food; Mexican cuisine,virginity,50,https://covers.openlibrary.org/b/id/12561151-L.jpg
273,Snow Flower and the Secret Fan,0812968069,True,OL24955498M,http://openlibrary.org/books/OL24955498M/Snow_flower_and_the_secret_fan,Snow flower and the secret fan,2006,269.0,Random House,Random House,Married women; Footbinding; Reminiscing in old age; Female friendship; Fiction; Older women; Secrecy; Childbirth,Married women,16,https://covers.openlibrary.org/b/id/8785537-L.jpg
274,The Godfather,0451205766,True,OL32908328M,http://openlibrary.org/books/OL32908328M/The_Godfather,The Godfather,2019,450.0,Berkley; New American Library,Berkley,Detective and mystery stories; Organized crime; Criminals; Italian Americans; Mafia; Fiction; Criminals in fiction; Drama,Detective and mystery stories,25,https://covers.openlibrary.org/b/id/11535476-L.jpg
275,An Abundance of Katherines,0525476881,True,OL17209849M,http://openlibrary.org/books/OL17209849M/An_Abundance_of_Katherines,An Abundance of Katherines,2006,227.0,Dutton Books,Dutton Books,"Interpersonal relations, fiction; Self-perception, fiction; Young Adult; Romance; Juvenile fiction; Fiction; Self-perception; Interpersonal relations","Interpersonal relations, fiction",37,https://covers.openlibrary.org/b/id/14559681-L.jpg
276,Foundation (Foundation #1),0553803719,True,OL3693746M,http://openlibrary.org/books/OL3693746M/Foundation,Foundation,2004,244.0,Bantam Books,Bantam Books,Psychohistory; Open Library Staff Picks; Life on other planets; Fiction; Science Fiction; Long Now Manual for Civilization; Prophecy; Historians,Psychohistory,18,https://covers.openlibrary.org/b/id/374166-L.jpg
279,"Harry Potter and the Cursed Child - Parts One and Two (Harry Potter, #8)",0751565350,True,OL27254095M,http://openlibrary.org/books/OL27254095M/Harry_Potter_and_the_Cursed_Child,Harry Potter and the Cursed Child,"Aug 01, 2016",352.0,Levine/Scholastic,Levine/Scholastic,Drama; Fantasy; Magic; Juvenile Drama; Good and evil; Literature; Fantasiewelt; Diskontinuität,Drama,21,https://covers.openlibrary.org/b/id/8748679-L.jpg
284,On the Road,9780140042612,False,,,,,,,,,,0,
285,"The Rosie Project (Don Tillman, #1)",1476729085,True,OL25439355M,http://openlibrary.org/books/OL25439355M/The_Rosie_Project,The Rosie Project,2013,304.0,Simon & Schuster,Simon & Schuster,Australia; genetics; research; romance; marriage; college teachers; Fiction; Interpersonal relations,Australia,41,https://covers.openlibrary.org/b/id/12602975-L.jpg
286,The Lucky One,0446579939,True,OL25913810M,http://openlibrary.org/books/OL25913810M/The_Lucky_One,The Lucky One,2008,,Grand Central Publishing,Grand Central Publishing,Fiction; Romance; Photographs; Man-woman relationships; Fortune; Fate and fatalism; Romantic suspense novels; Love stories,Fiction,14,
287,The Fountainhead,0451191153,True,OL20701851M,http://openlibrary.org/books/OL20701851M/The_fountainhead,The fountainhead,1993,704.0,Penguin Books; Signet,Penguin Books,Fiction; Architects; Individualism; Man-woman relationships; Psychology; Philosophical literature; Object (Philosophy); Didactic fiction,Fiction,16,https://covers.openlibrary.org/b/id/14813176-L.jpg
288,"The Hunt for Red October (Jack Ryan Universe, #4)",9780425172912,False,,,,,,,,,,0,
289,"Watership Down (Watership Down, #1)",038039586X,True,OL25940375M,http://openlibrary.org/books/OL25940375M/Watership_Down,Watership Down,June 1975,478.0,Mass Market Paperback,Mass Market Paperback,Rabbits; Adventure and adventurers; Open Library Staff Picks; Fiction; Children's stories; Survival; Juvenile fiction; Adventure stories,Rabbits,38,https://covers.openlibrary.org/b/id/7439919-L.jpg
290,Is Everyone Hanging Out Without Me? (And Other Concerns),0307886263,True,OL25011312M,http://openlibrary.org/books/OL25011312M/Is_everyone_hanging_out_without_me_(and_other_concerns),Is everyone hanging out without me? (and other concerns),2011,222.0,Crown Archetype,Crown Archetype,American wit and humor; New York Times bestseller; nyt:e-book_nonfiction=2011-10-29; Wit and humor,American wit and humor,4,https://covers.openlibrary.org/b/id/7978906-L.jpg
291,Cutting for Stone,9780375414512,False,,,,,,,,,,0,
292,"The Voyage of the Dawn Treader (Chronicles of Narnia, #3)",006112527X,True,OL7288315M,http://openlibrary.org/books/OL7288315M/The_Voyage_of_the_Dawn_Treader_(paper-over-board)_(Narnia),The Voyage of the Dawn Treader (paper-over-board) (Narnia),"September 1, 2006",256.0,HarperCollins,HarperCollins,"Narnia; The Voyage of the Dawn Treader; The Chronicles of Narnia; Narnia (imaginary place), fiction; Children's fiction; Fantasy fiction; Fantasy; Narnia (Imaginary place)",Narnia,41,https://covers.openlibrary.org/b/id/45902-L.jpg
293,Treasure Island,9780753453812,False,,,,,,,,,,0,
295,11/22/63,1451627289,True,OL24906649M,http://openlibrary.org/books/OL24906649M/11_22_63,11/22/63,2011-11,849.0,Scribner,Scribner,Assassination; Time travel; Fiction; Reading Level-Grade 7; Reading Level-Grade 9; Reading Level-Grade 8; Reading Level-Grade 11; Reading Level-Grade 10,Assassination,28,https://covers.openlibrary.org/b/id/14652974-L.jpg
296,The Very Hungry Caterpillar Board Book,0241003008,True,OL21989502M,http://openlibrary.org/books/OL21989502M/The_very_hungry_caterpillar,The very hungry caterpillar,1994,,Hamish Hamilton,Hamish Hamilton,"Children's fiction; Caterpillars, fiction; Toy and movable books; Fiction; Caterpillars; German language materials; Italian language materials; Specimens",Children's fiction,64,https://covers.openlibrary.org/b/id/10768234-L.jpg
297,Cat's Cradle,9780140285612,False,,,,,,,,,,0,
298,The Time Machine,0451528557,True,OL24328642M,http://openlibrary.org/books/OL24328642M/The_Time_Machine,The Time Machine,2002,,Signet Classic,Signet Classic,Self-experimentation in medicine in fiction; Fiction; Time travel in fiction; Dystopias in fiction; Literature; Scientists; Classic Literature; Open Library Staff Picks,Self-experimentation in medicine in fiction,79,https://covers.openlibrary.org/b/id/6454337-L.jpg
299,Heaven is for Real: A Little Boy's Astounding Story of His Trip to Heaven and Back,0849946158,True,OL24449290M,http://openlibrary.org/books/OL24449290M/Heaven_is_for_Real,Heaven is for Real,2010,162.0,Thomas Nelson,Thomas Nelson,nyt:paperback_nonfiction=2010-11-13; New York Times bestseller; Near-death experiences; Heaven; Christianity; Christian life; Religious aspects,nyt:paperback_nonfiction=2010-11-13,7,https://covers.openlibrary.org/b/id/6669280-L.jpg
300,The Boy in the Striped Pajamas,0385751060,True,OL23275492M,http://openlibrary.org/books/OL23275492M/The_boy_in_the_striped_pajamas,The boy in the striped pajamas,2006,215.0,David Fickling Books,David Fickling Books,Teen & Young Adult Fiction; Teen & Young Adult Historical Fiction; Teen & Young Adult Social Issues; naivety; gas chambers; Commandants; adventure; Juvenile works,Teen & Young Adult Fiction,78,
301,Heart of Darkness,1892295490,True,OL8719087M,http://openlibrary.org/books/OL8719087M/Heart_of_Darkness,Heart of Darkness,February 2002,200.0,Green Integer,Green Integer,Fiction; Romance; Degeneration; Literature; Description and travel; Diaries; Sailors; Short stories,Fiction,87,https://covers.openlibrary.org/b/id/941308-L.jpg
302,Safe Haven,9780446547612,False,,,,,,,,,,0,
303,"The Secret (The Secret, #1)",1582701709,True,OL28040044M,http://openlibrary.org/books/OL28040044M/The_Secret,The Secret,2006-11,198.0,Atria Books,Atria Books,the Law of Attraction; positive thinking; New Thought; Success; Psychological aspects of Success; Psychological aspects; Self-actualization (Psychology); Happiness,the Law of Attraction,14,https://covers.openlibrary.org/b/id/9424153-L.jpg
305,Pet Sematary,1416524347,True,OL8457070M,http://openlibrary.org/books/OL8457070M/Pet_Sematary,Pet Sematary,"September 1, 2005",576.0,Pocket,Pocket,fiction; thrillers; suspense; horror; occult; psychological trauma; spinal meningitis; flashback,fiction,33,https://covers.openlibrary.org/b/id/760003-L.jpg
306,She's Come Undone,0671021001,True,OL24958931M,http://openlibrary.org/books/OL24958931M/She's_come_undone,She's come undone,1998,465.0,Pocket Books,Pocket Books,"Self-perception; Fiction; Fiction, psychological; Fiction, coming of age; Young women, fiction",Self-perception,5,https://covers.openlibrary.org/b/id/6903673-L.jpg
307,"The Wise Man's Fear (The Kingkiller Chronicle, #2)",0756404738,True,OL24586431M,http://openlibrary.org/books/OL24586431M/The_Wise_Man’s_Fear,The Wise Man’s Fear,2011-03,994.0,Daw Books,Daw Books,The Kingkiller Chronicle; Magicians; Attempted assassination; Fairies; Fiction; Fantasy; New York Times bestseller; Heroes,The Kingkiller Chronicle,23,https://covers.openlibrary.org/b/id/12518396-L.jpg
308,Can You Keep a Secret?,9780440241912,False,,,,,,,,,,0,
309,"City of Fallen Angels (The Mortal Instruments, #4)",1442403543,True,OL25421469M,http://openlibrary.org/books/OL25421469M/City_of_Fallen_Angels,City of Fallen Angels,2011,,Margraet K. McElderly Books,Margraet K. McElderly Books,Magic; Vampires; Paranormal fiction; Juvenile fiction; Demonology; The Mortal Instruments Series; Betrayal; Revenge,Magic,32,https://covers.openlibrary.org/b/id/14649562-L.jpg
310,"Good in Bed (Cannie Shapiro, #1)",0743418174,True,OL24369581M,http://openlibrary.org/books/OL24369581M/Good_in_Bed,Good in Bed,2008,376.0,WSP,WSP,"Overweight women; Fiction; Women journalists; Young women; Domestic--fiction; Humorous stories; Fiction, romance, contemporary; Philadelphia (pa.), fiction",Overweight women,11,https://covers.openlibrary.org/b/id/6602718-L.jpg
311,The Thorn Birds,0380018179,True,OL17581832M,http://openlibrary.org/books/OL17581832M/The_Thorn_Birds,The Thorn Birds,1978-06,692.0,Avon,Avon,"Fiction, Romance; Clergy; Catholic Church; Catholics; Clergy in fiction; Catholics in fiction; Catholic Church in fiction; Australia, fiction","Fiction, Romance",34,https://covers.openlibrary.org/b/id/14618473-L.jpg
313,The Light Between Oceans,1451681739,True,OL25162528M,http://openlibrary.org/books/OL25162528M/The_light_between_oceans,The light between oceans,2012,345.0,Scribner,Scribner,FICTION / Literary; FICTION / General; Foundlings; Married people; FICTION / Historical; Fiction; Australia; Orphans,FICTION / Literary,18,https://covers.openlibrary.org/b/id/12779189-L.jpg
314,"Inkheart (Inkworld, #1)",9780439709112,False,,,,,,,,,,0,
316,A Walk in the Woods,0307279464,True,OL9345866M,http://openlibrary.org/books/OL9345866M/A_Walk_in_the_Woods,A Walk in the Woods,2007-01,416.0,Anchor Books,Anchor Books,"Description and travel; Natural history; Travel; Journeys; Hiking; Nonfiction; Natural history, united states; Appalachian trail",Description and travel,11,https://covers.openlibrary.org/b/id/13526811-L.jpg
317,I Know Why the Caged Bird Sings,0553279378,True,OL18012481M,http://openlibrary.org/books/OL18012481M/I_know_why_the_caged_bird_sings,I know why the caged bird sings,1971,246.0,Bantam,Bantam,"Social life and customs; Biography,; Entertainers; Intellectual life; African American families; American Authors; Homes and haunts; open_syllabus_project",Social life and customs,53,https://covers.openlibrary.org/b/id/-1-L.jpg
319,"City of Lost Souls (The Mortal Instruments, #5)",1442416866,True,OL25138965M,http://openlibrary.org/books/OL25138965M/City_of_Lost_Souls,City of Lost Souls,2012,,Margaret K. McElderry Books,Margaret K. McElderry Books,Magic; Vampires; JUVENILE FICTION / Lifestyles / City & Town Life; JUVENILE FICTION / Fantasy & Magic; Fiction; Supernatural; Horror stories; JUVENILE FICTION / Social Issues / New Experience,Magic,38,https://covers.openlibrary.org/b/id/8200902-L.jpg
320,"Where'd You Go, Bernadette",0316204277,True,OL25926749M,http://openlibrary.org/books/OL25926749M/Where'd_You_Go_Bernadette,"Where'd You Go, Bernadette",2012,330.0,"little, Brown and Company","little, Brown and Company","Women architects--Washington (State)--Seattle--Fiction.; Missing persons--Fiction.; Phobias--Fiction.; Mothers and daughters--Fiction.; Domestic fiction.; Missing persons, fiction; Seattle (wash.), fiction; Mothers and daughters, fiction",Women architects--Washington (State)--Seattle--Fiction.,33,https://covers.openlibrary.org/b/id/8969505-L.jpg
321,Where the Red Fern Grows,0375806814,True,OL29691438M,http://openlibrary.org/books/OL29691438M/Where_the_Red_Fern_Grows,Where the Red Fern Grows,"May 09, 2000",272.0,Yearling,Yearling,Social Issues - Friendship; Juvenile Fiction; Children's Books/Ages 9-12 Fiction; Children: Grades 4-6; Social Situations - Adolescence; Social Issues - Adolescence; Classics; Juvenile Fiction / Social Situations / Adolescence,Social Issues - Friendship,37,https://covers.openlibrary.org/b/id/10405791-L.jpg
323,The Unbearable Lightness of Being,0571224385,True,OL30124581M,http://openlibrary.org/books/OL30124581M/The_Unbearable_Lightness_of_Being,The Unbearable Lightness of Being,"Sep 30, 2004",306.0,Faber & Faber Ltd,Faber & Faber Ltd,"German fiction; Fiction, general; Fiction; Love; Man-woman relationships; Love stories; Identity (Psychology); Surgeons",German fiction,35,https://covers.openlibrary.org/b/id/10439627-L.jpg
325,A Prayer for Owen Meany,9780552135412,True,OL16803119M,http://openlibrary.org/books/OL16803119M/Mark_Counter's_kin,Mark Counter's kin,1990,175.0,Corgi,Corgi,,,0,https://covers.openlibrary.org/b/id/15174284-L.jpg
326,White Oleander,0316182540,True,OL9412667M,http://openlibrary.org/books/OL9412667M/White_Oleander,White Oleander,2001,496.0,"Little, Brown and Company","Little, Brown and Company",Fiction; Foster children; Mothers and daughters; Women murderers; Young women; Children of prisoners; Psychology; Fantasy,Fiction,17,https://covers.openlibrary.org/b/id/14559885-L.jpg
327,"Legend (Legend, #1)",039925675X,True,OL25158843M,http://openlibrary.org/books/OL25158843M/Legend,Legend,2011,,Putnam,Putnam,Criminals; Brothers and sisters; Resistance to Government; Fiction; Science fiction; Plague; Fugitives from justice; Soldiers,Criminals,21,https://covers.openlibrary.org/b/id/7001880-L.jpg
328,Nineteen Minutes,0743496728,True,OL24215414M,http://openlibrary.org/books/OL24215414M/Nineteen_minutes,Nineteen minutes,2007,455.0,Atria Books,Atria Books,Literature; Lawyers; Women judges; High school students; American Psychological fiction; Crimes against; Fiction; Bullying,Literature,31,https://covers.openlibrary.org/b/id/6544698-L.jpg
329,The Last Lecture,1401323251,True,OL26627460M,http://openlibrary.org/books/OL26627460M/The_Last_Lecture,The Last Lecture,July 2015,206.0,Hachette Books,Hachette Books,New York Times bestseller; nyt:hardcover_advice=2009-07-11; Patients; Death; Cancer; Psychological aspects; Computer scientists; Biography,New York Times bestseller,35,https://covers.openlibrary.org/b/id/14651031-L.jpg
330,"The Eye of the World (Wheel of Time, #1)",0812511816,True,OL24934473M,http://openlibrary.org/books/OL24934473M/The_Eye_of_the_World,The Eye of the World,1990,814.0,T. Doherty Associates; Turtleback Books,T. Doherty Associates,"series:The Wheel of Time; Fantasy fiction; Rand al'Thor (Fictitious character); Fiction; Reader recommended, 2001-02; Fantasy .; American Fantasy; al'Thor Rand (Fictitious character)",series:The Wheel of Time,22,https://covers.openlibrary.org/b/id/15099267-L.jpg
333,Still Alice,0595440096,True,OL10711359M,http://openlibrary.org/books/OL10711359M/Still_Alice,Still Alice,"July 13, 2007",300.0,"iUniverse, Inc.","iUniverse, Inc.",Profesorado; Enfermos; Universidades; Fiction; Women college teachers; Novela; Relaciones familiares; Alzheimer's disease,Profesorado,35,https://covers.openlibrary.org/b/id/2532771-L.jpg
334,"Reflected in You (Crossfire, #2)",0425263916,True,OL25970324M,http://openlibrary.org/books/OL25970324M/Reflected_In_You,Reflected In You,2012,,Berkley Publishing Group,Berkley Publishing Group,"Man-woman relationships; Fiction; Fiction, romance, erotica; nyt:trade-fiction-paperback=2012-11-11; New York Times bestseller; Large type books; Fiction, romance, erotic",Man-woman relationships,7,https://covers.openlibrary.org/b/id/7483150-L.jpg
335,James and the Giant Peach,0375814248,True,OL39566853M,http://openlibrary.org/books/OL39566853M/James_and_the_Giant_Peach,James and the Giant Peach,"Sep 10, 2002",160.0,Knopf Books for Young Readers,Knopf Books for Young Readers,Christian Books; Roald Dahl; children; Children's; Kid's; Tweens; Adolescent; Juvenile,Christian Books,53,https://covers.openlibrary.org/b/id/14428042-L.jpg
336,"1st to Die (Women's Murder Club, #1)",0446696617,True,OL7538578M,http://openlibrary.org/books/OL7538578M/1st_to_Die,1st to Die,2007-06,432.0,Warner Books,Warner Books,Fiction; Women detectives; Serial murders; Women in the professions; Female friendship; Detective and mystery stories; Women's Murder Club (Imaginary organization); Policewomen,Fiction,14,https://covers.openlibrary.org/b/id/13153143-L.jpg
337,The Ultimate Hitchhiker's Guide to the Galaxy,0345453743,True,OL17044900M,http://openlibrary.org/books/OL17044900M/The_ultimate_hitchhiker's_guide_to_the_galaxy,The ultimate hitchhiker's guide to the galaxy,1996,815.0,Del Rey,Del Rey,comic science fiction; Vogons; Humorous fiction; Imaginary voyages; wit and humour; Science Fiction; Interstellar travel; Fiction,comic science fiction,23,https://covers.openlibrary.org/b/id/14656530-L.jpg
338,One Day,0340896965,True,OL26978347M,http://openlibrary.org/books/OL26978347M/One_Day,One Day,2009,,Hodder & Stoughton,Hodder & Stoughton,Englisch; Roman; Trennung; Liebespaar; Freundschaft; Wiederbegegnung; Humorous stories; Humorous fiction,Englisch,33,https://covers.openlibrary.org/b/id/8580418-L.jpg
341,The Iliad,0140275363,True,OL23245724M,http://openlibrary.org/books/OL23245724M/The_Iliad,The Iliad,1998,704.0,Penguin Books,Penguin Books,"great_books_of_the_western_world; Poetry; Fiction; Classical literature; Open Library Staff Picks; Juvenile literature; Horses; Mythology, Greek, in literature",great_books_of_the_western_world,113,https://covers.openlibrary.org/b/id/15166208-L.jpg
342,The Casual Vacancy,0316228532,True,OL34150543M,http://openlibrary.org/books/OL34150543M/The_Casual_Vacancy,The Casual Vacancy,2012,,"Little, Brown and Company","Little, Brown and Company",fiction; Elecciones locales; City council members; Spanish language materials; Death; Novela; Local elections; City and town life,fiction,30,https://covers.openlibrary.org/b/id/12025453-L.jpg
343,The Runaway Jury,9780385339712,False,,,,,,,,,,0,
344,Naked,0316777730,True,OL22376472M,http://openlibrary.org/books/OL22376472M/Naked,Naked,1998,291.0,Back Bay Books,Back Bay Books,"Heranwachsender; Familie; Social life and customs; Humor; Humorists, American; Open Library Staff Picks; American Humorists; Humor (Nonfiction)",Heranwachsender,20,
345,"Eldest (The Inheritance Cycle, #2)",9780375840412,False,,,,,,,,,,0,
346,"The Wonderful Wizard of Oz (Oz, #1)",0140621679,True,OL22146191M,http://openlibrary.org/books/OL22146191M/The_wonderful_wizard_of_Oz,The  wonderful wizard of Oz,1995,,Penguin,Penguin,"Witches; Spanish language materials; Fiction; Wizards; Juvenile literature; Wizards in fiction; Children's stories, Russian; Specimens",Witches,110,
347,"Prince Caspian (Chronicles of Narnia, #2)",9780007202312,False,,,,,,,,,,0,
349,'Salem's Lot,0450031063,True,OL7569252M,http://openlibrary.org/books/OL7569252M/Salem's_Lot,Salem's Lot,"July 1, 1982",496.0,New English Library Ltd,New English Library Ltd,Catholic Church; arson; Great Depression; hitmen; Horror fiction; City and town life; Cuentos de terror; Fiction,Catholic Church,55,https://covers.openlibrary.org/b/id/291323-L.jpg
350,Fear and Loathing in Las Vegas,9780679785912,False,,,,,,,,,,0,
351,"Clockwork Prince (The Infernal Devices, #2)",1416975888,True,OL24906274M,http://openlibrary.org/books/OL24906274M/Clockwork_prince,Clockwork prince,2011,502.0,Margaret K. McElderry Books,Margaret K. McElderry Books,London (England); Orphans; Fiction; Supernatural; Demonology; Secret societies; Identity; History,London (England),37,https://covers.openlibrary.org/b/id/6934916-L.jpg
353,Othello,0743477553,True,OL32278262M,http://openlibrary.org/books/OL32278262M/Othello,Othello,1993-07,314.0,Washington Square Press,Washington Square Press,Drama; Othello (Fictitious character); Printing; Specimens; Dramatic production; Jealousy; Muslims; Interracial marriage,Drama,89,https://covers.openlibrary.org/b/id/10905628-L.jpg
354,Beloved,1400033411,True,OL61297479M,http://openlibrary.org/books/OL61297479M/Beloved,Beloved,2004,,Vintage International,Vintage International,African American History; Ohio; History; 19th century; Fiction; Reading Level-Grade 9; Reading Level-Grade 11; Reading Level-Grade 10,African American History,52,https://covers.openlibrary.org/b/id/15169554-L.jpg
355,"Graceling (Graceling Realm, #1)",015206396X,True,OL24626857M,http://openlibrary.org/books/OL24626857M/Graceling,Graceling,2008,471.0,Graphia,Graphia,Women warriors; Magic; Uncles; Fantasy; Juvenile fiction; Violence; Fiction; Rulers,Women warriors,19,https://covers.openlibrary.org/b/id/12729443-L.jpg
356,"The Bad Beginning (A Series of Unfortunate Events, #1)",0439206472,True,OL7510930M,http://openlibrary.org/books/OL7510930M/The_Bad_Beginning_-_Book_1_of_A_Series_of_Unfortunate_Events,The Bad Beginning - Book 1 of A Series of Unfortunate Events,2000,,"Scholastic, Inc.","Scholastic, Inc.","Fiction; Humorous stories; Brothers and sisters; Orphans; Children's fiction; Brothers and sisters, fiction; Orphans, fiction; juvenile fiction",Fiction,31,
357,All Quiet on the Western Front,0449213943,True,OL37798559M,http://openlibrary.org/books/OL37798559M/All_Quiet_on_the_Western_Front,All Quiet on the Western Front,1970-04,295.0,Fawcett Crest,Fawcett Crest,"World War, 1914-1918; Fiction; Open Library Staff Picks; Translations into English; German fiction; Soldiers; German language; History","World War, 1914-1918",41,https://covers.openlibrary.org/b/id/14652909-L.jpg
358,"Oh, The Places You'll Go!",0679805273,True,OL2213919M,http://openlibrary.org/books/OL2213919M/Oh_the_places_you'll_go!,"Oh, the places you'll go!",1990,48.0,Random House,Random House,Stories in rhyme; Success; Fiction; Juvenile fiction; Children's poetry; Conduct of life; Choice Behavior; Classics,Stories in rhyme,41,https://covers.openlibrary.org/b/id/15091589-L.jpg
359,And the Mountains Echoed,159463176X,True,OL25428218M,http://openlibrary.org/books/OL25428218M/And_the_mountains_echoed,And the mountains echoed,2013,404.0,Bloomsbury Publishing; Riverhead Books,Bloomsbury Publishing,Community life; Interpersonal relations; Families; Fiction; Brothers and sisters; Reading Level-Grade 7; Reading Level-Grade 9; Reading Level-Grade 8,Community life,32,https://covers.openlibrary.org/b/id/7258558-L.jpg
360,Do Androids Dream of Electric Sheep?,0345404475,True,OL22368998M,http://openlibrary.org/books/OL22368998M/Do_androids_dream_of_electric_sheep,Do androids dream of electric sheep?,1996,244.0,Ballantine Books,Ballantine Books,"Androids; Fiction; Rick Deckard (Fictitious character); Science Fiction; Twenty-first century; open_syllabus_project; Bounty hunters; Fiction, science fiction, general",Androids,33,https://covers.openlibrary.org/b/id/6917227-L.jpg
361,Oliver Twist,0141439742,True,OL3702624M,http://openlibrary.org/books/OL3702624M/Oliver_Twist_or_The_parish_boy's_progress,"Oliver Twist, or, The parish boy's progress",2003,554.0,Penguin Books,Penguin Books,Bildungsromans; Boys; Brigands and robbers; British and irish fiction (fictional works by one author); British fiction; Children; Children's fiction; Children's stories,Bildungsromans,92,https://covers.openlibrary.org/b/id/13031365-L.jpg
363,"Anna and the French Kiss (Anna and the French Kiss, #1)",0525423273,True,OL26253900M,http://openlibrary.org/books/OL26253900M/Anna_and_french_kiss,Anna and french kiss,2010,,dutton,dutton,"Children's fiction; Interpersonal relations, fiction; Boarding schools, fiction; Paris (france), fiction; Interpersonal relations; Fiction; Boarding schools; Schools",Children's fiction,9,https://covers.openlibrary.org/b/id/14649847-L.jpg
365,V for Vendetta,1401207928,True,OL23277389M,http://openlibrary.org/books/OL23277389M/V_for_vendetta,V for vendetta,2005,286.0,DC Comics,DC Comics,"Fiction; Graphic novels; Comic books, strips; Politics and government; Anarchism; England in fiction; Great Britain in fiction; Totalitarianism in fiction",Fiction,28,https://covers.openlibrary.org/b/id/14643265-L.jpg
366,John Adams,0743223136,True,OL17729084M,http://openlibrary.org/books/OL17729084M/John_Adams,John Adams,2002,751.0,Simon & Schuster,Simon & Schuster,Politics and government; Presidents; Biography; Government; Biographies; Présidents; Famous Persons; Politique et gouvernement,Politics and government,13,https://covers.openlibrary.org/b/id/15116808-L.jpg
367,"Odd Thomas (Odd Thomas, #1)",0553384287,True,OL16729662M,http://openlibrary.org/books/OL16729662M/Odd_Thomas,Odd Thomas,2006,383.0,Bantam Books,Bantam Books,"Cooks; Mediums; Murderers; Fiction; Paranormal fiction; Fiction, horror; Fiction, psychological; Deserts",Cooks,9,
368,"The Subtle Knife (His Dark Materials, #2)",0679879250,True,OL23242790M,http://openlibrary.org/books/OL23242790M/The_subtle_knife,The subtle knife,1997,426.0,Knopf; Distributed by Random House,Knopf,Fantasy; Juvenile literature; English Fantasy fiction; Fantasy fiction; Juvenile fiction; Fiction; Kidnapping; Missing persons,Fantasy,72,
369,"Stargirl (Stargirl, #1)",9780439488412,False,,,,,,,,,,0,
370,"The Red Pyramid (Kane Chronicles, #1)",1423113381,True,OL42346557M,http://openlibrary.org/books/OL42346557M/The_Red_Pyramid,The Red Pyramid,2010,516.0,Disney - Hyperion Books,Disney - Hyperion Books,Serie:The_Kane_Chronicles; Fiction; Egyptian Mythology; nyt:paperback-books=2011-09-04; New York Times bestseller; Juvenile fiction; Egyptologists; Fantasy fiction,Serie:The_Kane_Chronicles,39,https://covers.openlibrary.org/b/id/14601518-L.jpg
371,Stranger in a Strange Land,0441788386,True,OL51725682M,http://openlibrary.org/books/OL51725682M/Stranger_in_a_Strange_Land,Stranger in a Strange Land,1991,,Ace Books,Ace Books,Hugo Award Winner; award:hugo_award=1962; award:hugo_award=novel; Fiction; Fiction in English; Science fiction; American Science fiction; Religion,Hugo Award Winner,19,https://covers.openlibrary.org/b/id/14630987-L.jpg
372,Dress Your Family in Corduroy and Denim,0965904830,True,OL26800459M,http://openlibrary.org/books/OL26800459M/Dress_Your_Family_in_Corduroy_and_Denim,Dress Your Family in Corduroy and Denim,2004,257.0,"Little, Brown and Company","Little, Brown and Company","Section 8; essays; American Humorous stories; Humorous stories, American; Literary Criticism; Nonfiction; Humor; Family",Section 8,27,https://covers.openlibrary.org/b/id/8580446-L.jpg
373,The BFG,0141311371,True,OL7359578M,http://openlibrary.org/books/OL7359578M/The_BFG,The BFG,"April 5, 2001",208.0,Puffin Books,Puffin Books,Open Library Staff Picks; Roald Dahl; Tweens; Teens; Teenagers; YA; Young adult; Juvenile,Open Library Staff Picks,54,https://covers.openlibrary.org/b/id/108627-L.jpg
374,A Short History of Nearly Everything,076790818X,True,OL40261198M,http://openlibrary.org/books/OL40261198M/A_short_history_of_nearly_everything,A short history of nearly everything,2004,544.0,Broadway Books,Broadway Books,"Science; Popular works; Ciencia; Obras populares; Science, popular works; Obras de divulgacio n.; Natuurwetenschappen; Sciences",Science,40,https://covers.openlibrary.org/b/id/12995805-L.jpg
375,The Call of the Wild,0439227143,True,OL7511149M,http://openlibrary.org/books/OL7511149M/The_Call_Of_The_Wild_(Scholastic_Classics),The Call Of The Wild (Scholastic Classics),"January 1, 2001",192.0,Scholastic Paperbacks; Scholastic,Scholastic Paperbacks,Gold discoveries; Bienestar; Lobos; Descubrimiento de oro; Crítica e interpretación; American Nature stories; Cartoons and comics; Feral dogs,Gold discoveries,114,https://covers.openlibrary.org/b/id/10781440-L.jpg
376,"The Death Cure (Maze Runner, #3)",0385738773,True,OL24994751M,http://openlibrary.org/books/OL24994751M/The_Death_Cure,The Death Cure,2011,,Delacorte Press,Delacorte Press,Science fiction; Survival; Fiction; Virus diseases; Recovered memory; Survival skills; Juvenile fiction; Reading Level-Grade 7,Science fiction,29,https://covers.openlibrary.org/b/id/6935538-L.jpg
378,The Namesake,0618485228,True,OL24934831M,http://openlibrary.org/books/OL24934831M/The_namesake,The namesake,2004,291.0,Houghton Mifflin,Houghton Mifflin,Alienación (Psicología social); Alienation (Social psychology); Appreciation; Asimilación cultural; Assimilation (Sociology); Children of immigrants; East Indian Americans; Estadounidenses de India Oriental,Alienación (Psicología social),43,https://covers.openlibrary.org/b/id/15206072-L.jpg
379,"A Discovery of Witches (All Souls Trilogy, #1)",0670022411,True,OL24423822M,http://openlibrary.org/books/OL24423822M/A_Discovery_of_Witches,A Discovery of Witches,2011,579.0,Viking,Viking,Vampires--Fiction.; Witches--Fiction.; Alchemy--Manuscripts--Fiction.; Science and magic--Fiction.; Alchemy; Vampires; Witches; Manuscripts,Vampires--Fiction.,27,https://covers.openlibrary.org/b/id/15095779-L.jpg
380,Norwegian Wood,0375704027,True,OL24196635M,http://openlibrary.org/books/OL24196635M/Norwegian_Wood,Norwegian Wood,2000,298.0,Vintage; Vintage International,Vintage,"Student; Theaterwissenschaft; Liebesbeziehung; Belletristische Darstellung; Fiction, romance, general; College students; Fiction; Man-woman relationships",Student,27,https://covers.openlibrary.org/b/id/6376119-L.jpg
381,Where the Heart Is,0446672211,True,OL21587761M,http://openlibrary.org/books/OL21587761M/Where_the_heart_is,Where the heart is,1998-06-30,376.0,Warner Books,Warner Books,Fiction; Friendship; Love stories; Pregnant schoolgirls; Teenage girls; Teenage mothers; Teenage pregnancy; Oprah's book club,Fiction,15,https://covers.openlibrary.org/b/id/6634001-L.jpg
382,"Will Grayson, Will Grayson",0525421580,True,OL22695796M,http://openlibrary.org/books/OL22695796M/Will_Grayson_Will_Grayson,"Will Grayson, Will Grayson",2009,310.0,Dutton,Dutton,"Theater; Juvenile Fiction; Interpersonal relations; Fiction; Homosexuality; Dating (Social customs); Overweight persons; Names, Personal",Theater,42,https://covers.openlibrary.org/b/id/14649496-L.jpg
383,A Million Little Pieces,9780307276912,False,,,,,,,,,,0,
384,"Frostbite (Vampire Academy, #2)",1595141758,True,OL12438001M,http://openlibrary.org/books/OL12438001M/Frostbite,Frostbite,"April 10, 2008",256.0,Razorbill,Razorbill,New York Times bestseller; nyt:series_books=2009-12-27; Magic; Vampires; Fiction; Skis and skiing; Interpersonal relations; High schools,New York Times bestseller,16,https://covers.openlibrary.org/b/id/2964365-L.jpg
385,Quiet: The Power of Introverts in a World That Can't Stop Talking,0307352145,True,OL25184609M,http://openlibrary.org/books/OL25184609M/Quiet,Quiet,2012,333.0,Crown Publishers; Crown,Crown Publishers,Extraversion; Introverts; Interpersonal relations; Introversion; New York Times bestseller; nyt:combined_print_nonfiction=2012-03-03; Reading Level-Grade 11; Reading Level-Grade 12,Extraversion,21,https://covers.openlibrary.org/b/id/14825439-L.jpg
386,"Island of the Blue Dolphins (Island of the Blue Dolphins, #1)",0440439884,True,OL18471888M,http://openlibrary.org/books/OL18471888M/Island_of_the_Blue_Dolphins,Island of the Blue Dolphins,1987,184.0,Dell; Yearling,Dell,Fiction; Indians of North America; Islands; Juvenile fiction; Newbery Medal; Survival; Survival skills; Brothers and sisters,Fiction,61,https://covers.openlibrary.org/b/id/6517587-L.jpg
387,The Crucible,0142437336,True,OL31443293M,http://openlibrary.org/books/OL31443293M/The_Crucible,The Crucible,2003,143.0,Penguin Books,Penguin Books,fiction classics; literary criticism; historical fiction; witchcraft trials; trials; Historical drama; Trials (Witchcraft); Witchcraft,fiction classics,63,https://covers.openlibrary.org/b/id/10520140-L.jpg
388,"Hatchet (Brian's Saga, #1)",0689840926,True,OL23098630M,http://openlibrary.org/books/OL23098630M/Hatchet,Hatchet,1996,195.0,Aladdin Paperbacks,Aladdin Paperbacks,"Divorce; plane crash; survival; Canada, fiction; Divorce, fiction; Children's fiction; Newbery Honor; Juvenile fiction",Divorce,72,https://covers.openlibrary.org/b/id/10653790-L.jpg
389,"The Final Empire (Mistborn, #1)",076531178X,True,OL3418158M,http://openlibrary.org/books/OL3418158M/Mistborn,Mistborn,2006,541.0,Tor,Tor,form:novel; series:The Mistborn Saga; series:Mistborn Original Trilogy; genre:high fantasy; Courts and courtiers; Women revolutionaries; Fiction; Adventure,form:novel,21,https://covers.openlibrary.org/b/id/15134395-L.jpg
390,The Strange Case of Dr. Jekyll and Mr. Hyde,0451528956,True,OL3682767M,http://openlibrary.org/books/OL3682767M/Dr._Jekyll_and_Mr._Hyde,Dr. Jekyll and Mr. Hyde,2003,139.0,Signet Classic,Signet Classic,Fiction; Physicians; Physicians in fiction; Multiple personality in fiction; Multiple personality; Self-experimentation in medicine in fiction; Self-experimentation in medicine; Ficción,Fiction,93,https://covers.openlibrary.org/b/id/295773-L.jpg
391,The Lorax,0679889108,True,OL7717837M,http://openlibrary.org/books/OL7717837M/The_Lorax_(Classic_Seuss),The Lorax (Classic Seuss),"February 24, 1998",72.0,Random House Books for Young Readers,Random House Books for Young Readers,"nyt:picture_books=2012-02-11; Stories in rhyme; New York Times bestseller; Children's stories; Juvenile fiction; Pollution; Children's fiction; Ecology, fiction",nyt:picture_books=2012-02-11,21,https://covers.openlibrary.org/b/id/423350-L.jpg
392,"Diary of a Wimpy Kid (Diary of a Wimpy Kid, #1)",0810993139,True,OL59258062M,http://openlibrary.org/books/OL59258062M/Diary_of_a_Wimpy_Kid,Diary of a Wimpy Kid,2007,226.0,Amulet Books,Amulet Books,School stories; Families; Diaries; Middle schools; Family life; Fiction; Children's stories; Schools,School stories,35,
393,"Throne of Glass (Throne of Glass, #1)",1599906953,True,OL49837301M,http://openlibrary.org/books/OL49837301M/Throne_of_glass,Throne of glass,August 2 2012,,Bloomsbury usa,Bloomsbury usa,Assassins; Princes; Courts and courtiers; Prisoners; Fiction; Fantasy; Court and courtiers; Juvenile fiction,Assassins,38,https://covers.openlibrary.org/b/id/14677222-L.jpg
394,"Shadow Kiss (Vampire Academy, #3)",1595141979,True,OL22569074M,http://openlibrary.org/books/OL22569074M/Shadow_Kiss,Shadow Kiss,2008,,Razorbill,Razorbill,Young Adult Fiction; Magic; Vampires; Juvenile Fiction; Social classes; New York Times bestseller; High schools; Schools,Young Adult Fiction,14,https://covers.openlibrary.org/b/id/13766004-L.jpg
395,For Whom the Bell Tolls,0684803356,True,OL21616433M,http://openlibrary.org/books/OL21616433M/For_Whom_the_Bell_Tolls,For Whom the Bell Tolls,1995,471.0,Scribner Paperback Fiction,Scribner Paperback Fiction,Spain in fiction; Fiction; History; Spanish Civil War; Americans; open_syllabus_project; Guerrilla warfare; Foreign Participation,Spain in fiction,42,https://covers.openlibrary.org/b/id/14811332-L.jpg
396,Hotel on the Corner of Bitter and Sweet,0345505336,True,OL22658536M,http://openlibrary.org/books/OL22658536M/Hotel_on_the_corner_of_bitter_and_sweet,Hotel on the corner of bitter and sweet,2009,290.0,Ballantine Books,Ballantine Books,"Fiction; Widowers; Evacuation and relocation, 1942-1945; Japanese Americans; Fathers and sons; Chinese Americans; First loves; Hotels",Fiction,24,https://covers.openlibrary.org/b/id/6595974-L.jpg
397,Perfume: The Story of a Murderer,0140120831,True,OL22123184M,http://openlibrary.org/books/OL22123184M/Perfume,Perfume,1987,263.0,Penguin,Penguin,Historical fiction; psychological thriller; dark fantasy; coming-of-age; murder mystery; obsession; perfume; scent,Historical fiction,22,
399,The Tales of Beedle the Bard,0747599874,True,OL23176734M,http://openlibrary.org/books/OL23176734M/The_Tales_of_Beedle_the_Bard,The Tales of Beedle the Bard,"December 4, 2008",105.0,"Children's High Level Group; Bloomsbury; London, United Kingdom: Bloomsbury Publishing Plc",Children's High Level Group,"Magicians; Magic; Hogwarts School of Witchcraft and Wizardry (Imaginary place); Warlocks; Fairy tales; Children's stories, English; Fantasy; Wizards",Magicians,24,https://covers.openlibrary.org/b/id/15148784-L.jpg
400,Neuromancer,9780441569612,False,,,,,,,,,,0,
402,The Tell-Tale Heart and Other Writings,0553212281,True,OL24966103M,http://openlibrary.org/books/OL24966103M/The_Tell-Tale_Heart_and_Other_Writings,The Tell-Tale Heart and Other Writings,1996-03,419.0,Bantam Books,Bantam Books,busts; narrative poetry; supernatural; talking birds; American poetry; poetry; ravens; American fantasy poetry,busts,95,https://covers.openlibrary.org/b/id/11775692-L.jpg
403,The Art of War,1590302257,True,OL8845946M,http://openlibrary.org/books/OL8845946M/The_Art_of_War,The Art of War,"January 11, 2005",224.0,Shambhala,Shambhala,Open Library Staff Picks; Early works to 1800; Military art and science; great_books_of_the_western_world; Business; Self-Improvement; Philosophy; open_syllabus_project,Open Library Staff Picks,167,https://covers.openlibrary.org/b/id/859604-L.jpg
404,Defending Jacob,0385344228,True,OL25191357M,http://openlibrary.org/books/OL25191357M/Defending_Jacob,Defending Jacob,2012,,Delacorte Press,Delacorte Press,Murder; Investigation; Public prosecutors; Fiction; New York Times bestseller; nyt:e-book_fiction=2012-01-28; Families; High school students,Murder,22,https://covers.openlibrary.org/b/id/7023466-L.jpg
405,Breakfast of Champions,9780385334212,False,,,,,,,,,,0,
406,The New Drawing on the Right Side of the Brain,0874774241,True,OL24346158M,http://openlibrary.org/books/OL24346158M/The_New_Drawing_on_the_Right_Side_of_the_Brain,The New Drawing on the Right Side of the Brain,1999,,JT Tarcher,JT Tarcher,Technique; Visual perception; Drawing; Cerebral dominance; Creative ability,Technique,5,https://covers.openlibrary.org/b/id/-1-L.jpg
408,"Guns, Germs, and Steel: The Fates of Human Societies",0739467352,True,OL7917109M,http://openlibrary.org/books/OL7917109M/Guns_Germs_and_Steel,"Guns, Germs, and Steel",2005,,W.W. Norton and Company,W.W. Norton and Company,prize:pulitzer=1998; Ethnology; Criticism and interpretation; Culture diffusion; Effect of environment on; Civilization; Human beings; Social evolution,prize:pulitzer=1998,75,
409,Fried Green Tomatoes at the Whistle Stop Cafe,0375508414,True,OL3568860M,http://openlibrary.org/books/OL3568860M/Fried_green_tomatoes_at_the_Whistle_Stop_Cafe,Fried green tomatoes at the Whistle Stop Cafe,2002,403.0,Random House,Random House,Race relations; Reminiscing in old age; Female friendship; Romance norte americano; Fiction; Lesbians; Women; Domestic fiction,Race relations,28,https://covers.openlibrary.org/b/id/228109-L.jpg
410,"Things Fall Apart (The African Trilogy, #1)",0385474547,True,OL51242967M,http://openlibrary.org/books/OL51242967M/Things_Fall_Apart,Things Fall Apart,2017,209.0,Penguin Books,Penguin Books,20th century literature; Christianity; masculinity; British colonialism; LANGUAGE & LITERARY STUDIES; CONTEMPORARY FICTION; literature; Race relations,20th century literature,61,https://covers.openlibrary.org/b/id/14595726-L.jpg
411,The Undomestic Goddess,0385338694,True,OL30542437M,http://openlibrary.org/books/OL30542437M/The_Undomestic_Goddess,The Undomestic Goddess,"Apr 25, 2006",400.0,Dial Press Trade Paperback; Dial Press,Dial Press Trade Paperback,"London (england), fiction; Women lawyers, fiction; Fiction, romance, general; Mistaken identity; Fiction; Women lawyers; Country homes; Housekeepers","London (england), fiction",12,https://covers.openlibrary.org/b/id/10468140-L.jpg
412,The Five Love Languages: How to Express Heartfelt Commitment to Your Mate,1881273156,True,OL1503025M,http://openlibrary.org/books/OL1503025M/The_five_love_languages,The five love languages,1992,175.0,Northfield Pub.,Northfield Pub.,Spouses; Love; nyt:paperback_advice=2007-07-28; Interpersonal Relations; Matrimonio; Marriage; New York Times bestseller; Communication in marriage,Spouses,16,https://covers.openlibrary.org/b/id/15093929-L.jpg
415,"Evermore (The Immortals, #1)",031253275X,True,OL25946037M,http://openlibrary.org/books/OL25946037M/Evermore,Evermore,February 2009,,St. Martin's Press,St. Martin's Press,"nyt:paperback-books=2009-02-22; New York Times bestseller; Children's fiction; Supernatural, fiction",nyt:paperback-books=2009-02-22,4,
416,The Witches,0590032496,True,OL7884156M,http://openlibrary.org/books/OL7884156M/The_Witches,The Witches,1997,,Scholastic,Scholastic,Fiction; Witches; Grandmothers; Juvenile fiction; Ficción juvenil; Brujas; Readers; Abuelas,Fiction,43,https://covers.openlibrary.org/b/id/8598244-L.jpg
417,The Thirteenth Tale,0743298020,True,OL24952986M,http://openlibrary.org/books/OL24952986M/The_thirteenth_tale,The thirteenth tale,2006,406.0,Atria Books,Atria Books,Open Library Staff Picks; Fiction; Women authors; Female friendship; Recluses as authors; Hermits; Authors; Family,Open Library Staff Picks,8,https://covers.openlibrary.org/b/id/6986539-L.jpg
418,"Spirit Bound (Vampire Academy, #5)",9781595142512,False,,,,,,,,,,0,
419,"Blood Promise (Vampire Academy, #4)",1595141987,True,OL23191836M,http://openlibrary.org/books/OL23191836M/Blood_Promise,Blood Promise,2009,,Razorbill an imprint of Penguin Group (USA) Inc.,Razorbill an imprint of Penguin Group (USA) Inc.,Vampires; Juvenile Fiction; Fiction; Supernatural; High schools; Schools,Vampires,6,https://covers.openlibrary.org/b/id/13765694-L.jpg
420,Message in a Bottle,0446676071,True,OL28783847M,http://openlibrary.org/books/OL28783847M/Message_in_a_Bottle,Message in a Bottle,1999,352.0,Grand Central Publishing,Grand Central Publishing,"Fiction, romance, contemporary; Boston (mass.), fiction; Widowers, fiction; Divorced people, fiction; Fiction, romance, general; Widowers; Fiction; Divorced women","Fiction, romance, contemporary",10,
421,The Paris Wife,0345521307,True,OL24384322M,http://openlibrary.org/books/OL24384322M/The_Paris_wife,The Paris wife,2011,320.0,Ballantine Books,Ballantine Books,Authors' spouses; Marriage; Expatriate authors; American Authors; Fiction; New York Times bestseller; nyt:hardcover_fiction=2011-07-30,Authors' spouses,7,https://covers.openlibrary.org/b/id/6680904-L.jpg
422,"Harry Potter Boxset (Harry Potter, #1-7)",0545044251,True,OL9893727M,http://openlibrary.org/books/OL9893727M/Harry_Potter_Boxset_Books_1-7,Harry Potter Boxset Books 1-7,"October 16, 2007",,Arthur A. Levine Books,Arthur A. Levine Books,New York Times bestseller; nyt:series_books=2006-09-16; Juvenile fiction; Fiction; Wizards; Magic; Schools; Children's fiction,New York Times bestseller,15,https://covers.openlibrary.org/b/id/1278800-L.jpg
424,The Name of the Rose,0156001314,True,OL1089713M,http://openlibrary.org/books/OL1089713M/The_Name_of_the_Rose,The Name of the Rose,1994,536.0,Harcourt Brace; Harvest Books,Harcourt Brace,Novela de misterio; History; Monasticismo y vida religiosa; Novela didáctica; Bibliotecas monásticas; Historia; Novela histórica; Monastic and religious life,Novela de misterio,43,https://covers.openlibrary.org/b/id/115146-L.jpg
425,Go Ask Alice,1416914633,True,OL47771063M,http://openlibrary.org/books/OL47771063M/Go_Ask_Alice,Go Ask Alice,2006-01,,Simon Pulse,Simon Pulse,homelessness; bad trips; psychiatric hospitals; child prostitution; probation; hitchhiking; child sexual abuse; heroin,homelessness,46,https://covers.openlibrary.org/b/id/14316350-L.jpg
426,A Confederacy of Dunces,9780802130212,False,,,,,,,,,,0,
427,The Importance of Being Earnest,158049580X,True,OL26335724M,http://openlibrary.org/books/OL26335724M/The_Importance_of_Being_Earnest,The Importance of Being Earnest,2006,75.0,Prestwick House; Prestwick House Inc.,Prestwick House,British and irish drama (dramatic works by one author); English life; Readers; etiquette; love; manners; marriage; play,British and irish drama (dramatic works by one author),44,https://covers.openlibrary.org/b/id/8015568-L.jpg
428,"The Mark of Athena (The Heroes of Olympus, #3)",9781423140612,False,,,,,,,,,,0,
430,Kafka on the Shore,1400079276,True,OL24196633M,http://openlibrary.org/books/OL24196633M/Kafka_on_the_shore,Kafka on the shore,2006,480.0,Vintage; Vintage International,Vintage,"Self-actulaization (Psychology); Fiction; Miscellanea; Japanese Authors; Runaway teenagers; Parent and child; Japan, fiction; Near and far eastern fiction (fictional works by one author)",Self-actulaization (Psychology),25,https://covers.openlibrary.org/b/id/6376109-L.jpg
431,"Red Dragon (Hannibal Lecter, #1)",0525945563,True,OL6778876M,http://openlibrary.org/books/OL6778876M/Red_Dragon,Red Dragon,2000,369.0,Dutton; Brand: G. P. Putnam's Sons,Dutton,Novel; psychiatrists; cannibalism; serial killers; offender profiling; FBI; stalking; photographic processing,Novel,53,https://covers.openlibrary.org/b/id/9330540-L.jpg
432,"I, Robot (Robot #0.1)",0553803700,True,OL22744922M,http://openlibrary.org/books/OL22744922M/I_Robot,"I, Robot",2004-06,224.0,Bantam Books,Bantam Books,smear campaigns; supercomputers; computers; Frankenstein complex; hyperspace; heisenbugs; asteroids; Shahada,smear campaigns,40,https://covers.openlibrary.org/b/id/14950510-L.jpg
433,"Dark Lover (Black Dagger Brotherhood, #1)",0451216954,True,OL26209899M,http://openlibrary.org/books/OL26209899M/Dark_Lover,Dark Lover,2005,,Penguin,Penguin,"Fiction; Paranormal Romance; Fantasy; Vampires; Black Dagger Brotherhood series; Fiction, romance, paranormal, general; Vampires, fiction; Fiction, romance, paranormal",Fiction,10,
434,"Crescendo (Hush, Hush, #2)",1416989439,True,OL24438106M,http://openlibrary.org/books/OL24438106M/Crescendo,Crescendo,2010,,Simon and Schuster Books for Young Readers,Simon and Schuster Books for Young Readers,Fathers and daughters; Supernatural; Dating (Social customs); Secrets; Good and evil; Angels; Fiction; New York Times bestseller,Fathers and daughters,36,https://covers.openlibrary.org/b/id/6671379-L.jpg
436,The God of Small Things,0679457313,True,OL31390125M,http://openlibrary.org/books/OL31390125M/The_God_of_Small_Things,The God of Small Things,1997,321.0,Random House,Random House,Literary Fiction; Women's Fiction; dalit; Catholicism; fraternal twins; Psychological fiction; Domestic fiction; award:man_booker_prize=1997,Literary Fiction,44,https://covers.openlibrary.org/b/id/10513792-L.jpg
437,The Invention of Wings,0670024783,True,OL25443361M,http://openlibrary.org/books/OL25443361M/The_invention_of_wings,The invention of wings,2014,373.0,Viking,Viking,Master and servant; Women's rights; Biographical fiction; Women slaves; Fiction; Feminists; Sisters; Large type books,Master and servant,22,https://covers.openlibrary.org/b/id/7333268-L.jpg
438,What Alice Forgot,0141043768,True,OL27873290M,http://openlibrary.org/books/OL27873290M/What_Alice_forgot,What Alice forgot,2010,486.0,Michael Joseph,Michael Joseph,"Family relationships; Life change events; Amnesiacs; Memory disorders; Fiction; Fiction, psychological; Fiction, family life; Australia, fiction",Family relationships,9,https://covers.openlibrary.org/b/id/13361854-L.jpg
439,A Brief History of Time,0553380168,True,OL51162205M,http://openlibrary.org/books/OL51162205M/A_Brief_History_of_Time,A Brief History of Time,1998-09-01,,andom House Publishing Group,andom House Publishing Group,Cosmologie; Temps (durée); Espace-temps; Vulgarisation scientifique; Univers; Espace extraterrestre; Expansion; Cosmology,Cosmologie,64,https://covers.openlibrary.org/b/id/14589690-L.jpg
440,"Fall of Giants (The Century Trilogy, #1)",0525951652,True,OL35067326M,http://openlibrary.org/books/OL35067326M/Fall_of_Giants,Fall of Giants,2010-10,,Dutton,Dutton,"World War, 1914-1918; Fiction; History; Twentieth century; Social life and customs; Fiction, historical; Fiction, sagas; Fiction, family life","World War, 1914-1918",38,https://covers.openlibrary.org/b/id/12683357-L.jpg
441,Under the Dome,9781439148512,False,,,,,,,,,,0,
442,Snow Crash,0553380958,True,OL18141225M,http://openlibrary.org/books/OL18141225M/Snow_crash,Snow crash,2000,440.0,Bantam Books,Bantam Books,American Science fiction; Open Library Staff Picks; ready player one; Fiction; Science fiction; Suspense; open_syllabus_project; American fiction,American Science fiction,20,https://covers.openlibrary.org/b/id/8619290-L.jpg
443,Just Listen,0670061050,True,OL17236845M,http://openlibrary.org/books/OL17236845M/Just_listen,Just listen,2006,371.0,Viking Children's Books,Viking Children's Books,Young adult fiction; Teenage girls; Family; Juvenile fiction; Family problems; Models (Persons); Fiction; Interpersonal relations,Young adult fiction,21,https://covers.openlibrary.org/b/id/14847666-L.jpg
444,"Winnie-the-Pooh (Winnie-the-Pooh, #1)",0525467564,True,OL21661842M,http://openlibrary.org/books/OL21661842M/Winnie-the-Pooh,Winnie-the-Pooh,2001,161.0,Dutton Children's Books,Dutton Children's Books,Fiction; Juvenile audience; Juvenile; Toy and movable books; Teddy bears; Rain and rainfall; Animals; Board books,Fiction,45,
446,A Study in Scarlet,1420925539,True,OL30127908M,http://openlibrary.org/books/OL30127908M/A_Study_in_Scarlet,A Study in Scarlet,"Jan 01, 2005",108.0,Digireads.com,Digireads.com,Action & Adventure Fiction; aortic aneurysm; Battle of Maiwand; Blessing and cursing; British and irish fiction (fictional works by one author); Children's fiction; Classics; crime scenes,Action & Adventure Fiction,38,https://covers.openlibrary.org/b/id/10439754-L.jpg
447,"Brisingr (The Inheritance Cycle, #3)",0375826726,True,OL19906309M,http://openlibrary.org/books/OL19906309M/Brisingr_or_The_seven_promises_of_Eragon_Shadeslayer_and_Saphira_Bjartskular,"Brisingr, or, The seven promises of Eragon Shadeslayer and Saphira Bjartskular",2008,,Alfred A. Knopf,Alfred A. Knopf,Fiction; Juvenile Fiction; New York Times bestseller; nyt:series_books=2011-06-11; Fantasy; Youths' writings; Dragons; Youth's writings,Fiction,37,https://covers.openlibrary.org/b/id/14848397-L.jpg
448,The Purpose Driven Life: What on Earth Am I Here for?,0310276993,True,OL24217565M,http://openlibrary.org/books/OL24217565M/The_purpose_driven®_life,The purpose driven® life,2002,334.0,Zondervan,Zondervan,Open Library Staff Picks; Christian life; New York Times bestseller; nyt:paperback_advice=2009-03-29,Open Library Staff Picks,4,https://covers.openlibrary.org/b/id/6554927-L.jpg
449,"Betrayed (House of Night, #2)",0312360282,True,OL9408541M,http://openlibrary.org/books/OL9408541M/Betrayed,Betrayed,"October 2, 2007",320.0,St. Martin's Griffin,St. Martin's Griffin,"Vampires; Fiction; New York Times bestseller; Large type books; Zoey Redbird (Fictitious character); nyt:series_books=2009-05-30; Vampires, fiction; Children's fiction",Vampires,11,https://covers.openlibrary.org/b/id/1169889-L.jpg
450,"Storm Front (The Dresden Files, #1)",0451457811,True,OL26971042M,http://openlibrary.org/books/OL26971042M/Storm_Front,Storm Front,2000,372.0,Penguin Putnam,Penguin Putnam,"Mystery; Fiction; Fantasy; Wizards; Dresden, Harry (Fictitious characters); Urban Fantasy; Wizards in fiction; science fiction",Mystery,26,https://covers.openlibrary.org/b/id/15116627-L.jpg
451,Northanger Abbey,1593082649,True,OL8870278M,http://openlibrary.org/books/OL8870278M/Northanger_Abbey,Northanger Abbey,2005,288.0,Barnes & Noble Classics,Barnes & Noble Classics,Mate selection; Cousins; Fiction; Young women; Horror tales; Families; Uncles; Appreciation,Mate selection,73,https://covers.openlibrary.org/b/id/9278278-L.jpg
452,"The 5th Wave (The 5th Wave, #1)",0399162410,True,OL26887382M,http://openlibrary.org/books/OL26887382M/The_5th_Wave,The 5th Wave,2013,457.0,G.P. Putnam's Sons; Penguin Young Readers Group,G.P. Putnam's Sons,Fiction; Extraterrestrial beings; Science fiction; Survival; War; War stories; YOUNG ADULT FICTION; Alien Contact,Fiction,36,https://covers.openlibrary.org/b/id/14654084-L.jpg
453,Cold Mountain,0802142842,True,OL4427420M,http://openlibrary.org/books/OL4427420M/The_science_of_homeopathy,The science of homeopathy,1980,331.0,"Grove Press : distributed by Random House; Grove/Atlantic, Incorporated",Grove Press : distributed by Random House,"Homeopathy; United States; History; Life change events; Civil War, 1861-1865; American Civil War (1861-1865) fast (OCoLC)fst01351658; Love stories; North Carolina",Homeopathy,12,https://covers.openlibrary.org/b/id/4615058-L.jpg
455,"Something Blue (Darcy & Rachel, #2)",0312323867,True,OL24226108M,http://openlibrary.org/books/OL24226108M/Something_Blue,Something Blue,"March 21, 2006",356.0,St. Martin's Press,St. Martin's Press,"Rejection (Psychology); Fiction; Americans; New York Times bestseller; nyt:e-book_fiction=2011-04-16; Pregnant women; Fiction, psychological; London (england), fiction",Rejection (Psychology),10,https://covers.openlibrary.org/b/id/6387216-L.jpg
456,A Streetcar Named Desire,0822210894,True,OL21556175M,http://openlibrary.org/books/OL21556175M/A_streetcar_named_Desire,A streetcar named Desire,1981,107.0,Dramatists Play Service Inc.,Dramatists Play Service Inc.,Drama; Married people; Sisters; Women teachers; Widows; Rape; Plays; Polish Americans,Drama,29,https://covers.openlibrary.org/b/id/12176867-L.jpg
457,The Historian,0751537284,True,OL7980835M,http://openlibrary.org/books/OL7980835M/The_Historian,The Historian,2006,720.0,Time Warner Paperbacks,Time Warner Paperbacks,Historical Fiction; Legends; Vampires; Fiction; Historians; Occult fiction; Horror tales; Roman,Historical Fiction,20,https://covers.openlibrary.org/b/id/497044-L.jpg
458,Station Eleven,9780385353312,False,,,,,,,,,,0,
459,A Man Called Ove,1476738017,True,OL25936999M,http://openlibrary.org/books/OL25936999M/A_Man_Called_Ove,A Man Called Ove,2014,337.0,Atria Books,Atria Books,Novel; translation; Neighbors; Older men; Neighborhoods; Fiction; Love; Friendship,Novel,42,https://covers.openlibrary.org/b/id/7437001-L.jpg
460,"Clockwork Princess (The Infernal Devices, #3)",1406321346,True,OL27590316M,http://openlibrary.org/books/OL27590316M/Clockwork_Princess,Clockwork Princess,"Sep 05, 2013",576.0,Walker Books (UK),Walker Books (UK),"Tessa Gray (Fictitious character); Fiction; History; Supernatural, fiction; Demonology, fiction; London (england), history, fiction; Great britain, history, 19th century, fiction; Orphans, fiction",Tessa Gray (Fictitious character),10,https://covers.openlibrary.org/b/id/13149915-L.jpg
461,"The Good Earth (House of Earth, #1)",1416500189,True,OL24926875M,http://openlibrary.org/books/OL24926875M/The_Good_Earth,The Good Earth,1958,415.0,Pocket Books,Pocket Books,"China, fiction; Fiction, historical, general; Social life and customs; History; Farmers' spouses; Married women; Manners and customs; Farm life","China, fiction",49,https://covers.openlibrary.org/b/id/6870506-L.jpg
463,"Dragonfly in Amber (Outlander, #2)",0385335970,True,OL7439363M,http://openlibrary.org/books/OL7439363M/Dragonfly_in_Amber,Dragonfly in Amber,2007,752.0,Delta,Delta,"Historical Fiction; Fiction; Time travel; Imaginary voyages; Culloden, Battle of, Scotland, 1746; Scotland; Romance; Fantasy",Historical Fiction,44,https://covers.openlibrary.org/b/id/14815860-L.jpg
465,In Her Shoes,0743495667,True,OL30148738M,http://openlibrary.org/books/OL30148738M/In_her_shoes,In her shoes,2005,537.0,Pocket,Pocket,"Philadelphia (pa.), fiction; Fiction, general; Sisters, fiction","Philadelphia (pa.), fiction",3,https://covers.openlibrary.org/b/id/10442694-L.jpg
467,The Brief Wondrous Life of Oscar Wao,1594489580,True,OL17237830M,http://openlibrary.org/books/OL17237830M/The_Brief_Wondrous_Life_of_Oscar_Wao,The Brief Wondrous Life of Oscar Wao,2007,339.0,Riverhead Books,Riverhead Books,National Book Critics Circle Award Winner; award:national_book_critics_circle_award=2007; award:national_book_critics_circle_award=fiction; Dominican Americans; Fiction; Large type books; Charms; Literary,National Book Critics Circle Award Winner,44,https://covers.openlibrary.org/b/id/5607306-L.jpg
469,Fantastic Beasts and Where to Find Them,9780439321612,False,,,,,,,,,,0,
470,I Am Malala: The Story of the Girl Who Stood Up for Education and Was Shot by the Taliban,0316322407,True,OL26887465M,http://openlibrary.org/books/OL26887465M/I_am_Malala,I am Malala,2013,327.0,"Little, Brown, & Company","Little, Brown, & Company","Young women; Education; Biography; Crimes against; Children's rights; Women, education; Pakistan, social conditions; Taliban",Young women,40,https://covers.openlibrary.org/b/id/9770868-L.jpg
471,Mansfield Park,0141439807,True,OL7215994M,http://openlibrary.org/books/OL7215994M/Mansfield_Park,Mansfield Park,1846,480.0,Simms and M'Intyre,Simms and M'Intyre,"Love stories, English; Fiction, Romance, Historical, Regency; Social life and customs; Adoptees,  fiction; Poor families, fiction; Uncles,  fiction; Cousins, fiction; English Love stories","Love stories, English",74,https://covers.openlibrary.org/b/id/9278328-L.jpg
472,Man's Search for Meaning,9780807014312,False,,,,,,,,,,0,
473,"In the Woods (Dublin Murder Squad, #1)",9780670038612,False,,,,,,,,,,0,
474,The God Delusion,0618680004,True,OL7606171M,http://openlibrary.org/books/OL7606171M/The_God_delusion,The God delusion,2006,406.0,Houghton Mifflin Co.,Houghton Mifflin Co.,god; atheism; bible; war; religion; abuse; propaganda; nihilism,god,40,https://covers.openlibrary.org/b/id/8740872-L.jpg
475,"Where She Went (If I Stay, #2)",0525422943,True,OL24552641M,http://openlibrary.org/books/OL24552641M/Where_she_went,Where she went,2011,264.0,Dutton,Dutton,Rock music; Interpersonal relations; Violoncello; Emotional problems; Fiction; Grief; Emotional problems of teenagers; Juvenile fiction,Rock music,20,https://covers.openlibrary.org/b/id/6712819-L.jpg
476,The World According to Garp,9780345915612,False,,,,,,,,,,0,
477,"Killing Floor (Jack Reacher, #1)",0515141429,True,OL7657915M,http://openlibrary.org/books/OL7657915M/Killing_Floor,Killing Floor,1998,432.0,Jove Books,Jove Books,"English language; Fiction; Private investigators; Murder; Drifters; Mystery; Government investigators; Fiction, suspense",English language,38,https://covers.openlibrary.org/b/id/14424676-L.jpg
478,Robinson Crusoe,0375757325,True,OL6791338M,http://openlibrary.org/books/OL6791338M/Robinson_Crusoe,Robinson Crusoe,2001,294.0,Modern Library,Modern Library,"Crusoe, robinson (fictitious character), fiction; British and irish fiction (fictional works by one author); Survival; Fiction; Dans la littérature; Îles; Islands; Naufrages","Crusoe, robinson (fictitious character), fiction",138,https://covers.openlibrary.org/b/id/230357-L.jpg
480,"The Amber Spyglass (His Dark Materials, #3)",0440238153,True,OL7520214M,http://openlibrary.org/books/OL7520214M/The_Amber_Spyglass_(His_Dark_Materials_Book_3),"The Amber Spyglass (His Dark Materials, Book 3)","September 9, 2003",480.0,Laurel Leaf,Laurel Leaf,Fantasy; Fantasy fiction; Quests (Expeditions); Fiction; Missing persons; Good and evil; Kidnapping; Traducciones al español,Fantasy,42,https://covers.openlibrary.org/b/id/281600-L.jpg
481,"Wizard's First Rule (Sword of Truth, #1)",0765346524,True,OL8053997M,http://openlibrary.org/books/OL8053997M/Wizard's_First_Rule_(Sword_Of_Truth),Wizard's First Rule (Sword Of Truth),"April 14, 2003",848.0,Tor Books,Tor Books,"Fiction; Wizards; Wizards in fiction; Fiction, fantasy, general; Fiction, fantasy, epic; Amnell, kahlan (fictitious character), fiction; D'haran empire (imaginary place), fiction; Richard Rahl (Fictitious character)",Fiction,14,https://covers.openlibrary.org/b/id/525111-L.jpg
482,The Kitchen House,1439153663,True,OL23218418M,http://openlibrary.org/books/OL23218418M/The_kitchen_house,The kitchen house,2010,368.0,Touchstone Books,Touchstone Books,"Fiction; Indentured servants; Slaves; Plantation life; Fiction, historical; Slaves, fiction; Southern states, fiction; nyt:trade-fiction-paperback=2012-09-09",Fiction,10,https://covers.openlibrary.org/b/id/6309098-L.jpg
486,"The City of Ember (Book of Ember, #1)",0375822747,True,OL24203487M,http://openlibrary.org/books/OL24203487M/The_City_of_Ember,The City of Ember,2003,270.0,Random House,Random House,"Fiction; Juvenile Fiction; Science Fiction; Fantasy fiction; Children's fiction; Children's stories; Fiction, fantasy, general; Fantasy",Fiction,17,https://covers.openlibrary.org/b/id/15099839-L.jpg
488,The Green Mile,0451933028,True,OL7589631M,http://openlibrary.org/books/OL7589631M/The_Green_Mile,The Green Mile,"September 1, 1996",592.0,Signet,Signet,horror fiction; fiction; death row inmates; prisons; Executions and executioners; jails; sisters; murder,horror fiction,55,https://covers.openlibrary.org/b/id/296001-L.jpg
490,"Maus I: A Survivor's Tale: My Father Bleeds History (Maus, #1)",0394541553,True,OL21361048M,http://openlibrary.org/books/OL21361048M/Maus_I_My_Father_Bleeds_History,"Maus I, My Father Bleeds History",1986,159.0,Pantheon books,Pantheon books,New York Times bestseller; nyt:paperback_graphic_books=2011-09-17; graphic novel; history; Nazi; Art Spiegelman; concetration camp; ww2,New York Times bestseller,82,https://covers.openlibrary.org/b/id/9243285-L.jpg
491,"Untamed (House of Night, #4)",0312379838,True,OL16901047M,http://openlibrary.org/books/OL16901047M/Untamed,Untamed,2008,,St. Martin's Griffin,St. Martin's Griffin,Fiction; Vampires; Adolescence; New York Times bestseller; nyt:series_books=2009-05-30; Good and evil; Zoey Redbird (Fictitious character); Girls & Women,Fiction,19,https://covers.openlibrary.org/b/id/13107102-L.jpg
492,"Speaker for the Dead (Ender's Saga, #2)",0812550757,True,OL28230793M,http://openlibrary.org/books/OL28230793M/Speaker_for_the_dead,Speaker for the dead,1994,382.0,Tor,Tor,"Reading Level-Grade 9; Reading Level-Grade 8; Reading Level-Grade 11; Reading Level-Grade 10; Reading Level-Grade 12; Comics & graphic novels, science fiction; Wiggin, ender (fictitious character), fiction; Lusitania (imaginary place), fiction",Reading Level-Grade 9,36,https://covers.openlibrary.org/b/id/12518427-L.jpg
493,Mere Christianity,0684823780,True,OL22959411M,http://openlibrary.org/books/OL22959411M/Mere_Christianity,Mere Christianity,1996,191.0,Simon & Schuster; Brand: Touchstone Books; Touchstone Books,Simon & Schuster,"Apologetics; Doctrinal Theology; Popular works; Christianity; Christian ethics; Anglican authors; Theology, doctrinal, popular works; Christian ethics, anglican authors",Apologetics,17,https://covers.openlibrary.org/b/id/13945262-L.jpg
494,The Secret History,9781400031712,False,,,,,,,,,,0,
496,"The Clan of the Cave Bear (Earth's Children, #1)",0553381679,True,OL25050700M,http://openlibrary.org/books/OL25050700M/The_Clan_of_the_Cave_Bear,The Clan of the Cave Bear,2011,494.0,Bantam Books,Bantam Books,Neanderthals; shamanism; sign language; taboos; prehistoric fiction; epic; epic fiction; prehistoric man,Neanderthals,27,https://covers.openlibrary.org/b/id/12524519-L.jpg
497,Black Beauty,0439228905,True,OL25879483M,http://openlibrary.org/books/OL25879483M/Black_Beauty,Black Beauty,2001,245.0,"Scholastic, Inc.","Scholastic, Inc.","Horses; Juvenile fiction; Fiction; Children's fiction; Horses, fiction; England, fiction; Folklore",Horses,7,https://covers.openlibrary.org/b/id/7385702-L.jpg
498,War and Peace,0192833987,True,OL7384027M,http://openlibrary.org/books/OL7384027M/War_and_Peace_(Oxford_World's_Classics),War and Peace (Oxford World's Classics),"March 31, 1998",387.0,"Oxford University Press, USA","Oxford University Press, USA","Classic; History; Russian Empire; Fiction; Russia; Russia (federation), fiction; Fiction, historical; Classic Literature",Classic,61,https://covers.openlibrary.org/b/id/119157-L.jpg
499,American Psycho,0679735771,True,OL1857983M,http://openlibrary.org/books/OL1857983M/American_Psycho,American Psycho,1991-03,399.0,Vintage Books,Vintage Books,Gothic & Horror; Literary Fiction; capitalism; postmodernism; id; schizophrenia; consumerism; stream of consciousness,Gothic & Horror,52,https://covers.openlibrary.org/b/id/15210081-L.jpg
500,"The Princess Diaries (The Princess Diaries, #1)",0613371658,True,OL30542485M,http://openlibrary.org/books/OL30542485M/The_Princess_Diaries,The Princess Diaries,"Jun 26, 2001",283.0,Turtleback Books,Turtleback Books,"Love, fiction","Love, fiction",1,https://covers.openlibrary.org/b/id/10468185-L.jpg
501,"The No. 1 Ladies' Detective Agency  (No. 1 Ladies' Detective Agency, #1)",1400034779,True,OL24946110M,http://openlibrary.org/books/OL24946110M/The_No._1_Ladies'_detective_agency,The No. 1 Ladies' detective agency,1998,235.0,Random House; Anchor Books,Random House,Fiction; Precious Ramotswe (Fictitious character); Women private investigators; No. 1 Ladies' Detective Agency (Imaginary organization); Private investigators; Large type books; Detective and mystery stories; Precious Ramotswe (Fictional character),Fiction,34,https://covers.openlibrary.org/b/id/6980462-L.jpg
502,"The Walking Dead, Vol. 01: Days Gone Bye",1582406723,True,OL23067761M,http://openlibrary.org/books/OL23067761M/The_Walking_Dead_Vol._1,"The Walking Dead, Vol. 1",2004,144.0,Image Comics,Image Comics,"Horror comic books, strips; Comic books, strips; New York Times bestseller; Zombies; nyt:paperback_graphic_books=2010-02-06; Dystopias; Graphic Novels; Horror","Horror comic books, strips",18,https://covers.openlibrary.org/b/id/9035039-L.jpg
503,"2001: A Space Odyssey (Space Odyssey, #1)",0451457994,True,OL7576213M,http://openlibrary.org/books/OL7576213M/2001,2001,"September 12, 2000",320.0,Roc,Roc,Human-computer interaction; Computers; Fiction; Science fiction; Twenty-first century; Space vehicles; Long Now Manual for Civilization; English Science fiction,Human-computer interaction,20,https://covers.openlibrary.org/b/id/294982-L.jpg
504,Redeeming Love,1590525132,True,OL24949890M,http://openlibrary.org/books/OL24949890M/Redeeming_Love,Redeeming Love,2007,479.0,Multnomah,Multnomah,Frontier and pioneer life in fiction; Prostitutes in fiction; Frontier and pioneer life; Prostitutes; Fiction; Women pioneers; frontier life; love stories,Frontier and pioneer life in fiction,25,https://covers.openlibrary.org/b/id/9249644-L.jpg
505,"Left Behind (Left Behind, #1)",9780842342712,False,,,,,,,,,,0,
509,Remember Me?,9780593053912,False,,,,,,,,,,0,
510,"The Great Hunt (Wheel of Time, #2)",0812517725,True,OL9368501M,http://openlibrary.org/books/OL9368501M/The_Great_Hunt_(The_Wheel_of_Time_Book_2),"The Great Hunt (The Wheel of Time, Book 2)","October 15, 1991",705.0,Tor Fantasy,Tor Fantasy,"series:The Wheel of Time; Fiction; Fantasy fiction; Fantasy; Fiction, fantasy, epic; Fiction, fantasy, historical; Fiction, fantasy, general; Aes Sedai",series:The Wheel of Time,24,https://covers.openlibrary.org/b/id/603289-L.jpg
511,"Postmortem (Kay Scarpetta, #1)",0743477154,True,OL24952323M,http://openlibrary.org/books/OL24952323M/Postmortem,Postmortem,1998,342.0,Pocket Books; Pocket,Pocket Books,Fiction; Medical examiners (Law); Kay Scarpetta (Fictitious character); Virginia in fiction; Women detectives; Women physicians in fiction; Forensic pathologists in fiction; Women physicians,Fiction,51,https://covers.openlibrary.org/b/id/6919881-L.jpg
512,The Complete Stories and Poems,0385074077,True,OL18200959M,http://openlibrary.org/books/OL18200959M/Complete_Stories_and_Poems_of_Edgar_Allan_Poe,Complete Stories and Poems of Edgar Allan Poe,1970?,821.0,Doubleday,Doubleday,busts; narrative poetry; supernatural; talking birds; American poetry; poetry; ravens; American fantasy poetry,busts,101,https://covers.openlibrary.org/b/id/11793784-L.jpg
513,The Hiding Place: The Triumphant True Story of Corrie Ten Boom,9780553256712,False,,,,,,,,,,0,
515,The Prince of Tides,0553381547,True,OL3436739M,http://openlibrary.org/books/OL3436739M/The_prince_of_tides,The prince of tides,2005,679.0,Dial Press Trade Paperbacks,Dial Press Trade Paperbacks,"Fiction; Brothers and sisters; Social life and customs; Twins; Family life; Fiction, family life; South carolina, fiction; New york (n.y.), fiction",Fiction,14,https://covers.openlibrary.org/b/id/369993-L.jpg
517,"Perfect Chemistry (Perfect Chemistry, #1)",0802798233,True,OL16856176M,http://openlibrary.org/books/OL16856176M/Perfect_chemistry,Perfect chemistry,2009,,Walker; Distributed to the trade by Macmillan,Walker,Fiction; Gangs; Family problems; Dating (Social customs); High schools; Schools; Social classes; New York Times bestseller,Fiction,24,https://covers.openlibrary.org/b/id/6954018-L.jpg
518,Peter Pan,0805072454,True,OL7932886M,http://openlibrary.org/books/OL7932886M/Peter_Pan_(100th_Anniversary_Edition),Peter Pan (100th Anniversary Edition),"October 1, 2003",176.0,Henry Holt and Co. (BYR),Henry Holt and Co. (BYR),Open Library Staff Picks; English Children's fiction; Pop-up books; Toy and movable books; Never-Never Land (Imaginary place); Specimens; Juvenile fiction; Fiction,Open Library Staff Picks,63,https://covers.openlibrary.org/b/id/581059-L.jpg
519,"Pretties (Uglies, #2)",9780689865412,False,,,,,,,,,,0,
523,The Things They Carried,0767902890,True,OL37841733M,http://openlibrary.org/books/OL37841733M/The_Things_They_Carried,The Things They Carried,2007,246.0,Broadway Books,Broadway Books,"Reading Level-Grade 9; Reading Level-Grade 11; Reading Level-Grade 10; Reading Level-Grade 12; Fiction, short stories (single author); Veterans, fiction; Fiction, psychological; Vietnam war, 1961-1975, fiction",Reading Level-Grade 9,37,https://covers.openlibrary.org/b/id/14819633-L.jpg
525,"Pandemonium (Delirium, #2)",006197806X,True,OL25104675M,http://openlibrary.org/books/OL25104675M/Pandemonium,Pandemonium,2012,384.0,HarperTeen; Harpercollins; HarperCollins,HarperTeen,"Children's fiction; Maine, fiction; Love, fiction; Science fiction; Orphans, fiction; Family life, fiction; New york times bestseller; New York Times bestseller children's literature",Children's fiction,87,https://covers.openlibrary.org/b/id/6967326-L.jpg
527,"Living Dead in Dallas (Sookie Stackhouse, #2)",1841493007,True,OL8920089M,http://openlibrary.org/books/OL8920089M/Living_Dead_in_Dallas_(Southern_Vampire_Mysteries_Book_2),"Living Dead in Dallas (Southern Vampire Mysteries, Book 2)","April 1, 2004",288.0,Orbit; Time Warner Books Uk,Orbit,Vampires; Waitresses; Fiction; Fantasy; Telepathy; Vampires -- Fiction; Telepathy -- Fiction; Waitresses -- Fiction,Vampires,26,https://covers.openlibrary.org/b/id/886255-L.jpg
529,Gulliver's Travels,9780141439512,False,,,,,,,,,,0,
530,Much Ado About Nothing,0743482751,True,OL24325383M,http://openlibrary.org/books/OL24325383M/Much_Ado_About_Nothing,Much Ado About Nothing,May 1995,246.0,Washington Square Press,Washington Square Press,"Drama; Courtship; Shakespeare, william, 1564-1616, much ado about nothing; British and irish drama (dramatic works by one author); Drama (dramatic works by one author); English literature",Drama,6,https://covers.openlibrary.org/b/id/6450187-L.jpg
531,Beowulf,0393320979,True,OL21746868M,http://openlibrary.org/books/OL21746868M/Beowulf,Beowulf,2001,213.0,W.W. Norton & Company,W.W. Norton & Company,"Epic poetry, English (Old); Heroes; Monsters; Poetry; Dragons; Literature; Miscellaneous fiction; Epic poetry","Epic poetry, English (Old)",13,
535,"Daughter of Smoke & Bone (Daughter of Smoke & Bone, #1)",0316134023,True,OL25161063M,http://openlibrary.org/books/OL25161063M/Daughter_of_smoke_bone,Daughter of smoke & bone,2011,418.0,"Little, Brown; Little, Brown and Company","Little, Brown",Chimera (Greek mythology); Juvenile fiction; Boarding schools; Greek Mythology; Paranormal fiction; Fiction; Supernatural; Artists,Chimera (Greek mythology),42,https://covers.openlibrary.org/b/id/7064457-L.jpg
537,The Power of Habit: Why We Do What We Do in Life and Business,1400069289,True,OL24918690M,http://openlibrary.org/books/OL24918690M/The_Power_of_Habit,The Power of Habit,2012,371.0,Random House,Random House,Social aspects; Habit; Change (Psychology); New York Times bestseller; nyt:combined_print_nonfiction=2012-03-03; Popular Works; Habits; Psychological Adaptation,Social aspects,32,https://covers.openlibrary.org/b/id/14842390-L.jpg
538,Midnight in the Garden of Good and Evil,0679751521,True,OL23088566M,http://openlibrary.org/books/OL23088566M/Midnight_in_the_garden_of_good_and_evil,Midnight in the garden of good and evil,1999,386.0,Vintage Books,Vintage Books,Social life and customs; Trials (Murder); True Crime; Nonfiction; History; Celebrities; Description and travel; Tours,Social life and customs,27,https://covers.openlibrary.org/b/id/7119509-L.jpg
539,"Hopeless (Hopeless, #1)",1301949825,False,,,,,,,,,,0,
540,A Little Princess,0142437018,True,OL3947997M,http://openlibrary.org/books/OL3947997M/A_little_princess,A little princess,2002,242.0,Penguin Books,Penguin Books,"Children's fiction; Orphans, fiction; England, fiction; Boarding schools, fiction; London (england), fiction; Crewe, sara (fictitious character), fiction; Schools, fiction; Boarding schools",Children's fiction,16,https://covers.openlibrary.org/b/id/110531-L.jpg
541,The Truth About Forever,0142406252,True,OL24127799M,http://openlibrary.org/books/OL24127799M/The_Truth_About_Forever,The Truth About Forever,,,,,"Grief; Interpersonal relations; Death; Caterers and catering; Fiction; Grief, fiction; Death, fiction; Interpersonal relations, fiction",Grief,10,https://covers.openlibrary.org/b/id/6309312-L.jpg
542,"The Horse and His Boy (Chronicles of Narnia, #5)",0439861365,True,OL7515979M,http://openlibrary.org/books/OL7515979M/The_Chronicles_of_Narnia_-_The_Horse_and_His_Boy_(The_Horse_and_His_Boy_Book_3),"The Chronicles of Narnia - The Horse and His Boy (The Horse and His Boy, Book 3)",1995,224.0,Scholastic Inc.,Scholastic Inc.,Fantasy; Children's fiction; Allegory; Aventures; Magie; Frères et soeurs; Roman pour la jeunesse; Chevaux,Fantasy,41,https://covers.openlibrary.org/b/id/9184783-L.jpg
543,"Last Sacrifice (Vampire Academy, #6)",1595143068,True,OL24489539M,http://openlibrary.org/books/OL24489539M/Last_Sacrifice,Last Sacrifice,2010,594.0,Razorbill,Razorbill,Fantasy; Urban Fantasy; Supernatural; Vampires; Fiction; High schools; Social classes; Juvenile fiction,Fantasy,8,https://covers.openlibrary.org/b/id/14649487-L.jpg
545,The Velveteen Rabbit,0380002558,True,OL7431009M,http://openlibrary.org/books/OL7431009M/The_Velveteen_Rabbit,The Velveteen Rabbit,"April 1, 1999",40.0,Avon,Avon,"Toys; Fiction; Children's fiction; Toys, fiction; Gift books; Animals, fiction; Rabbits, fiction; Rabbits",Toys,72,https://covers.openlibrary.org/b/id/234710-L.jpg
547,The War of the Worlds,0375759239,True,OL22934376M,http://openlibrary.org/books/OL22934376M/The_war_of_the_worlds,The war of the worlds,1983,189.0,Buccaneer Books,Buccaneer Books,Imaginary wars and battles; Juvenile fiction; Space warfare; Science Fiction & Fantasy; Fiction; Diseases; Martians; Invasions,Imaginary wars and battles,60,
549,Corduroy,0670241334,True,OL25676711M,http://openlibrary.org/books/OL25676711M/Corduroy,Corduroy,1968,32.0,Viking Penguin; Viking Press,Viking Penguin,Chinese language materials; Corduroy (Fictitions character); Day; Department stores; Fiction; Juvenile fiction; Picture books; Teddy bears,Chinese language materials,38,https://covers.openlibrary.org/b/id/7347348-L.jpg
554,"Voyager (Outlander, #3)",0385335997,True,OL7439365M,http://openlibrary.org/books/OL7439365M/Voyager,Voyager,"August 7, 2001",880.0,Delta,Delta,"Man-woman relationships; Claire Randall (Fictitious character); Fiction; Historical fiction; Time travel; Love stories; Fiction, historical; Fiction, romance, historical",Man-woman relationships,17,https://covers.openlibrary.org/b/id/239983-L.jpg
555,"Hamlet: Screenplay, Introduction And Film Diary",0393315053,True,OL996417M,http://openlibrary.org/books/OL996417M/Hamlet,Hamlet,1996,208.0,W.W. Norton & Co.,W.W. Norton & Co.,"Drama; Hamlet (Legendary character); Hamlet (Motion picture : 1996); Quelle; Dreharbeit; Hamlet (Film, 1996); English drama; Motion picture plays",Drama,13,https://covers.openlibrary.org/b/id/6809306-L.jpg
556,Cujo,0307348245,True,OL9727165M,http://openlibrary.org/books/OL9727165M/Cujo,Cujo,"June 6, 2006",400.0,Plaza y Janes,Plaza y Janes,suspense; psychological horror; Fiction; Rabies in fiction; Dogs in fiction; Dogs; Rabies; Horror,suspense,26,https://covers.openlibrary.org/b/id/168168-L.jpg
557,The Virgin Suicides,0747560595,True,OL7962236M,http://openlibrary.org/books/OL7962236M/The_Virgin_Suicides,The Virgin Suicides,"October 7, 2002",224.0,Bloomsbury Publishing PLC,Bloomsbury Publishing PLC,"Fiction, psychological; Young women, fiction; Sisters, fiction; Fiction, urban; Michigan, fiction; Fiction, city life; Teenagers; Fiction","Fiction, psychological",29,https://covers.openlibrary.org/b/id/487815-L.jpg
558,"Dead to the World (Sookie Stackhouse, #4)",0441012183,True,OL7524259M,http://openlibrary.org/books/OL7524259M/Dead_to_the_World_(Southern_Vampire_Mysteries_Book_4),"Dead to the World (Southern Vampire Mysteries, Book 4)","May 3, 2005",320.0,Ace,Ace,"Vampires; Telepathy; Waitresses; Fiction; City and town life; Fiction, occult & supernatural; Louisiana, fiction; Vampires, fiction",Vampires,24,https://covers.openlibrary.org/b/id/284205-L.jpg
559,Tess of the D'Urbervilles,0141439599,True,OL3703021M,http://openlibrary.org/books/OL3703021M/Tess_of_the_D'Urbervilles,Tess of the D'Urbervilles,2003,517.0,Penguin Books,Penguin Books,"Fiction; Man-woman relationships, fiction; Poor families, fiction; Women murderers, fiction; Children of the rich; fiction""; Triangles (Interpersonal relations), fiction; Children of clergy, fiction",Fiction,84,https://covers.openlibrary.org/b/id/13109326-L.jpg
560,Madame Bovary,0192840398,True,OL27910462M,http://openlibrary.org/books/OL27910462M/Madame_Bovary,Madame Bovary,2004,,Oxford University Press,Oxford University Press,"literary fiction; French literature; Fiction; Manners and customs, fiction; Adultery; Middle class; Physicians' spouses; Suicide victims",literary fiction,85,https://covers.openlibrary.org/b/id/9267039-L.jpg
561,The Phantom Tollbooth,0394820371,True,OL21383739M,http://openlibrary.org/books/OL21383739M/The_Phantom_Tollbooth,The Phantom Tollbooth,1989,256.0,Bullseye Books/Alfred A. Knopf,Bullseye Books/Alfred A. Knopf,letters; numbers; orchestras; children's literature; adventure; Creativity and Imagination; Boredom; Magic and Supernatural,letters,67,https://covers.openlibrary.org/b/id/8578165-L.jpg
563,"Club Dead (Sookie Stackhouse, #3)",1841493015,True,OL8920090M,http://openlibrary.org/books/OL8920090M/Club_Dead_(Southern_Vampire_Mysteries_Book_3),"Club Dead (Southern Vampire Mysteries, Book 3)","May 6, 2004",288.0,Orbit,Orbit,"Vampires; Fiction; Fantasy; Psychics; Large type books; nyt:mass-market-paperback=2008-10-05; New York Times bestseller; Fiction, mystery & detective, women sleuths",Vampires,18,https://covers.openlibrary.org/b/id/886256-L.jpg
564,It's Kind of a Funny Story,078685197X,True,OL24225297M,http://openlibrary.org/books/OL24225297M/It's_Kind_of_a_Funny_Story,It's Kind of a Funny Story,2007,452.0,Hyperion; Miramax,Hyperion,Juvenile fiction; Fiction; Mental illness; Mental Depression; Psychiatric hospitals; Mental illness in fiction; Psychiatric hospitals in fiction; Mental depression in fiction,Juvenile fiction,27,https://covers.openlibrary.org/b/id/6386966-L.jpg
569,"The Angel Experiment (Maximum Ride, #1)",9780446617812,False,,,,,,,,,,0,
577,Tuck Everlasting,9780374480112,False,,,,,,,,,,0,
580,The Story of Art,071483355X,True,OL7830704M,http://openlibrary.org/books/OL7830704M/The_Story_of_Art_16th_Edition_(Gombrich_Ernst_Hans_Josef_Story_of_Art),"The Story of Art, 16th Edition (Gombrich, Ernst Hans Josef//Story of Art)","April 9, 1995",688.0,Phaidon Press,Phaidon Press,"Art, history; Art criticism; Art; Criticism","Art, history",4,https://covers.openlibrary.org/b/id/453555-L.jpg
581,"Scarlet (The Lunar Chronicles, #2)",0312642962,True,OL26132830M,http://openlibrary.org/books/OL26132830M/Scarlet,Scarlet,2013,454.0,Feiwel & Friends; Feiwel and Friends,Feiwel & Friends,"Serie:The_Lunar_Chronicles; Children's fiction; Science fiction; Missing persons, fiction; Extraterrestrial beings, fiction; Cyborgs; Juvenile fiction; Missing persons",Serie:The_Lunar_Chronicles,18,https://covers.openlibrary.org/b/id/7787449-L.jpg
583,"Silence (Hush, Hush, #3)",1442426640,True,OL25954213M,http://openlibrary.org/books/OL25954213M/Silence,Silence,2011,,Simon & Schuster Books for Young Readers,Simon & Schuster Books for Young Readers,Love; Paranormal fiction; Juvenile fiction; Fiction; Supernatural; Dating (Social customs); Angels; Good and evil,Love,16,https://covers.openlibrary.org/b/id/13145428-L.jpg
586,"A Great and Terrible Beauty (Gemma Doyle, #1)",0689875347,True,OL30534552M,http://openlibrary.org/books/OL30534552M/A_Great_and_Terrible_Beauty,A Great and Terrible Beauty,"Jun 30, 2005",416.0,Gardners Books,Gardners Books,"Magic, fiction; Supernatural, fiction; Schools, fiction; England, fiction; Children's fiction","Magic, fiction",5,https://covers.openlibrary.org/b/id/10464595-L.jpg
591,The Absolutely True Diary of a Part-Time Indian,0316013684,True,OL9755887M,http://openlibrary.org/books/OL9755887M/The_Absolutely_True_Diary_of_a_Part-Time_Indian,The Absolutely True Diary of a Part-Time Indian,2007,240.0,"Little, Brown and Company","Little, Brown and Company",Race relations; Young adult fiction; Indians of North America; Diaries; Spokane Indians; Juvenile fiction; nyt:paperback_books=2009-09-05; Fiction,Race relations,45,https://covers.openlibrary.org/b/id/12366775-L.jpg
600,"Torment (Fallen, #2)",0385739141,True,OL24376743M,http://openlibrary.org/books/OL24376743M/Torment_(Fallen_2),Torment (Fallen #2),2010,,Delacorte Press,Delacorte Press,Reincarnation; Angels; Love; Supernatural; Fiction; Horror stories; Interpersonal relations; High schools,Reincarnation,17,https://covers.openlibrary.org/b/id/6624713-L.jpg
601,The Tale of Peter Rabbit,0723247706,True,OL7865628M,http://openlibrary.org/books/OL7865628M/The_Tale_of_Peter_Rabbit_(The_World_of_Beatrix_Potter),The Tale of Peter Rabbit (The World of Beatrix Potter),"September 16, 2002",80.0,Warne,Warne,"Rabbits; Fiction; Juvenile fiction; Specimens; Toy and movable books; Children's stories, English; Miniature books; Italian language materials",Rabbits,26,https://covers.openlibrary.org/b/id/10675289-L.jpg
607,"City of Heavenly Fire (The Mortal Instruments, #6)",9781481426312,True,OL27509144M,http://openlibrary.org/books/OL27509144M/The_Struggles_of_Johnny_Cannon,The Struggles of Johnny Cannon,"Oct 13, 2015",336.0,Simon & Schuster Books for Young Readers,Simon & Schuster Books for Young Readers,Organized crime; Families; Adventure and adventurers; Juvenile fiction; Family life; Fathers and sons; Adventure stories; Fiction,Organized crime,15,https://covers.openlibrary.org/b/id/8965891-L.jpg
608,Love You Forever,0920668372,True,OL15459663M,http://openlibrary.org/books/OL15459663M/Love_you_forever,Love you forever,1987,,Firefly Books,Firefly Books,Juvenile fiction; Children's Books/Baby-Preschool; Fiction; Parent and child; Love; Aging; Picture books for children; Mothers,Juvenile fiction,28,https://covers.openlibrary.org/b/id/6533447-L.jpg
620,"The Mists of Avalon (Avalon, #1)",9780345350512,False,,,,,,,,,,0,
624,"All Together Dead (Sookie Stackhouse, #7)",0441014941,True,OL24813018M,http://openlibrary.org/books/OL24813018M/All_together_dead,All together dead,2007,323.0,Ace Books,Ace Books,"Mystery; Detective and mystery stories; Vampires; Fiction; Fantasy; nyt:mass-market-paperback=2008-10-05; New York Times bestseller; Fiction, fantasy, contemporary",Mystery,17,
626,The Polar Express,0395389496,True,OL24362575M,http://openlibrary.org/books/OL24362575M/The_Polar_Express,The Polar Express,1985,32.0,Houghton Mifflin Company; Houghton Mifflin,Houghton Mifflin Company,San Nicolás; nochebuena; Christmas Eve; Santa Claus; Navidad; Spanish language books; Juvenile fiction; Fiction,San Nicolás,49,https://covers.openlibrary.org/b/id/12049259-L.jpg
631,"Dead as a Doornail (Sookie Stackhouse, #5)",0441013333,True,OL24928985M,http://openlibrary.org/books/OL24928985M/Dead_as_a_doornail,Dead as a doornail,2006,310.0,Ace Books,Ace Books,Detective and mystery stories; Vampires; Fiction; were-panther; Metamorphosis; Occult fiction; Brothers and sisters; Large type books,Detective and mystery stories,28,https://covers.openlibrary.org/b/id/6872621-L.jpg
636,"The Twilight Saga Breaking Dawn Part 1: The Official Illustrated Movie Companion (The Twilight Saga: The Official Illustrated Movie Companion, #4)",0316134112,True,OL25242289M,http://openlibrary.org/books/OL25242289M/The_twilight_saga,The twilight saga,2011,139.0,"Little, Brown and Co.","Little, Brown and Co.","Breaking dawn, part 1 (Motion picture); Pictorial works; Motion pictures, juvenile literature; Motion pictures; Twilight saga; nyt:paperback-advice=2012-01-01; New York Times bestseller","Breaking dawn, part 1 (Motion picture)",7,
643,"Chosen (House of Night, #3)",0312360304,True,OL25651833M,http://openlibrary.org/books/OL25651833M/Chosen,Chosen,March 4th 2008,307.0,St. Martin's Griffin,St. Martin's Griffin,"Zoey Redbird (Fictitious character); Vampires; Fiction; Children's fiction; Vampires, fiction; Fantasy fiction; Occultism, fiction; Paranormal fiction",Zoey Redbird (Fictitious character),14,https://covers.openlibrary.org/b/id/7322417-L.jpg
652,"Definitely Dead (Sookie Stackhouse, #6)",0441014917,True,OL7524389M,http://openlibrary.org/books/OL7524389M/Definitely_Dead_(Southern_Vampire_Mysteries_Book_6),"Definitely Dead (Southern Vampire Mysteries, Book 6)","March 27, 2007",352.0,Ace,Ace,sookie stackhouse; love; Vampires; American Mystery & Suspense Fiction; Fiction; Fiction - Fantasy; Mystery/Suspense; Waitresses,sookie stackhouse,34,https://covers.openlibrary.org/b/id/284415-L.jpg
679,Madeline,0590133373,True,OL7884893M,http://openlibrary.org/books/OL7884893M/Madeline_(Picture_Books),Madeline (Picture Books),"January 19, 1996",48.0,Scholastic Hippo,Scholastic Hippo,Juvenile fiction; Sick; appendicitis; boarding schools; hospitals; surgery; Children's stories; Toy and movable books,Juvenile fiction,45,https://covers.openlibrary.org/b/id/382958-L.jpg
684,"The House of Hades (The Heroes of Olympus, #4)",1423146727,True,OL42352536M,http://openlibrary.org/books/OL42352536M/The_House_of_Hades,The House of Hades,2013,,Disney - Hyperion Books,Disney - Hyperion Books,Serie:The_Heroes_of_Olympus; Juvenile fiction; Roman Mythology; Greek Mythology; Quests (Expeditions); Fiction; Camps; Fantasy & Magic,Serie:The_Heroes_of_Olympus,33,https://covers.openlibrary.org/b/id/14601510-L.jpg
750,"Obsidian (Lux, #1)",1620610078,True,OL27219454M,http://openlibrary.org/books/OL27219454M/Obsidian,Obsidian,2012,335.0,"Entangled Publishing, LLC","Entangled Publishing, LLC","Extraterrestrial beings; Mothers and daughters; Juvenile fiction; Teenage girls; Fiction; Children's fiction; Science fiction; Extraterrestrial beings, fiction",Extraterrestrial beings,8,https://covers.openlibrary.org/b/id/13133752-L.jpg
752,"Crown of Midnight (Throne of Glass, #2)",1619630621,True,OL25434819M,http://openlibrary.org/books/OL25434819M/Crown_of_Midnight,Crown of Midnight,2013,420.0,Bloomsbury,Bloomsbury,"Kings and rulers; Assassins; Love; Courts and courtiers; Juvenile fiction; Fiction; Fantasy; Kings, queens, rulers",Kings and rulers,16,https://covers.openlibrary.org/b/id/13313685-L.jpg
756,"The Iron King (The Iron Fey, #1)",0373210086,True,OL24127407M,http://openlibrary.org/books/OL24127407M/Iron_King,Iron King,,,,,"Fiction; Young Adult; Young Adult Fiction; Children's fiction; Princesses, fiction; Love, fiction; Princes, fiction; Adventure and adventurers, fiction",Fiction,21,https://covers.openlibrary.org/b/id/6308415-L.jpg
774,"Cress (The Lunar Chronicles, #3)",0312642970,True,OL26882857M,http://openlibrary.org/books/OL26882857M/Cress,Cress,2014,552.0,Feiwel and Friends,Feiwel and Friends,"Serie:The_Lunar_Chronicles; Teenage girls; Extraterrestrial beings; Juvenile fiction; Fiction; Cyborgs; Science fiction; Kings, queens, rulers",Serie:The_Lunar_Chronicles,20,https://covers.openlibrary.org/b/id/14637887-L.jpg
842,"A Court of Thorns and Roses (A Court of Thorns and Roses, #1)",1619634449,True,OL27099073M,http://openlibrary.org/books/OL27099073M/A_Court_of_Thorns_and_Roses,A Court of Thorns and Roses,"May 05, 2015",432.0,Bloomsbury,Bloomsbury,Fantasy; Love; Blessing and cursing; Fairies; Children's audiobooks; Fiction; Juvenile fiction; Love stories,Fantasy,36,https://covers.openlibrary.org/b/id/15103057-L.jpg
